date,ticker,revenue_growth,earnings_growth,trailing_pe,price_to_sales,operating_margin,fcf_margin,momentum,relative_strength,price_vs_ma,relative_volume,analyst_upside,net_upgrades,revisions_trend,institutional_flow,insider_flow,forward_return
2025-01-01,AAPL,2.021994077514111,-3.3599670086086886,40.92601976896587,9.619376492359244,0.31510222870075566,0.40822177042975694,11.040215040569667,8.44368593273579,5.425561081707042,19.698061235903943,-4.6691713040865395,-1.0,-2.0,31.29721022100525,-200036478.0,-8.6979759248072
2025-01-01,ABNB,12.910244896488177,-66.3349184739058,,,0.15009225092250922,0.48029151291512917,-0.8226387455778306,-3.4191678534117087,-2.988019697673605,-3.150792153764126,5.644610256506621,-1.0,0.0,29.06497817475876,0.0,1.2093182600755537
2025-01-01,ADBE,10.912845494016743,4.667057215387627,37.52573777854693,9.446822778475326,0.31159593259177926,0.30591492815200266,-10.390133518711753,-12.98666262654563,-9.910531742311314,28.238926690573884,34.44541281346767,0.0,0.0,20.99650606860768,-18425691.0,-1.0521575166524966
2025-01-01,ADI,-23.39094614222099,-50.664232169455005,63.351077568240285,10.939277326385739,0.2156321359663364,0.4062190753797778,-6.992329262015884,-9.588858369849762,-2.6510132013704,-1.709967937031276,19.10976098534376,0.0,1.0,35.626850697896344,-27388251.0,4.778794509060513
2025-01-01,AMAT,2.4851981747558094,4.682030338389742,18.65481422061012,4.834614492915538,0.2894833676773624,0.3191786870768325,-18.85083072941802,-21.447359837251902,-7.753083382776593,-5.648115044294344,33.23541946245285,-1.0,-1.0,21.272543484802306,0.0,17.696951572033637
2025-01-01,AMD,9.877436570033016,777.8846153846154,107.8482151031494,8.069239410821194,0.05643136447828771,0.11936612471701996,-30.098380334317586,-32.69490944215146,-12.703677979872808,4.922691672040691,58.15326755972923,-1.0,-1.0,-0.13649430890586842,-63251053.0,1.367820246578133
2025-01-01,AMZN,11.930804941266505,148.35898202101697,46.97858659307247,3.718600488261447,0.0977201480984571,0.18174634914082255,20.06895683229144,17.47242772445756,4.548495512172246,-8.23011140157237,6.763830310543484,-1.0,-1.0,30.092671376824462,-14270116.0,4.763420867776236
2025-01-01,ANET,18.191465918703308,40.18994367557638,53.07562966592886,21.049003462747937,0.4211123690430592,0.2056662281966513,10.469240359973519,7.872711252139641,6.684656820041379,-33.18962524926936,-18.259998896204678,0.0,0.0,17.238547145984892,0.0,8.685928083863148
2025-01-01,ARM,,,202.2295091972977,36.67648108669859,0.11371994342291372,,-14.094710747138716,-16.691239854972594,-11.435870750227817,-13.857670989079818,12.386510468585566,-1.0,-3.0,13.672880683009364,0.0,21.060842935043624
2025-01-01,ASML,,,,,,,-15.719714408909391,-18.31624351674327,-0.29637639160091656,-32.57875975464851,40.65386213744948,0.0,0.0,3.052630086921393,,8.93463603258493
2025-01-01,AVGO,43.98503587481504,-58.13804857264593,,20.799654855268454,0.26104238569822,0.2995695505487261,28.623454710797414,26.026925602963537,24.325117675816443,65.08895948845417,-2.673629846373271,0.0,0.0,967.744606162268,-83937967.0,3.5908247712284735
2025-01-01,BKNG,11.740184197770231,-5.016974726518297,33.43468595915334,,0.2791514836022905,0.3071750824223495,17.563046563218432,14.966517455384555,0.2431936467549134,-9.235528741928267,-1.1911038074366886,0.0,0.0,16.998427632087424,-4368344.0,-4.85006964780329
2025-01-01,CRM,9.527596159509933,128.9737654320988,54.355249906841074,8.628788130092756,0.1884159294415015,0.336793137755788,14.79625699338487,12.199727885550992,1.9706061356681737,-1.0190945721357147,13.488152683636434,1.0,1.0,21.117688373361617,0.0,-1.1552812939180424
2025-01-01,CRWD,26.61242659135612,-969.5889556196864,743.826094917629,,-0.002560326887537274,0.2113383289893851,16.774168887881615,14.177639780047734,0.06834929749965912,-11.604306019093357,4.756807809091823,-1.0,2.0,36.0803991880816,0.0,5.4902998575688144
2025-01-01,CSCO,-8.7155805217631,-30.837199028053895,24.4130392442957,4.267037598901701,0.19372923588039867,0.25334113560857746,12.270061472543192,9.673532364709313,2.062630116484998,16.42067886434613,5.018180663031435,2.0,0.0,23.05010311550573,-24144019.0,3.969330762807166
2025-01-01,DELL,3.0072630724332416,47.41766467065869,20.654767565086182,0.838594078952884,0.05768636765473388,0.0510081267907165,-5.150866673062882,-7.74739578089676,-8.769858365509997,-21.64610400718614,29.978399197199646,0.0,-1.0,289.81260901750534,0.0,-4.273572235645262
2025-01-01,FTNT,10.40269105109517,32.95385417571912,47.47738862157467,12.667811614905801,0.282744974434405,0.38871961896757024,21.470821341902436,18.874292234068555,3.311707864065605,-9.174547039713554,0.36137299149441304,1.0,1.0,28.309361687647414,-37138428.0,2.5857487580392524
2025-01-01,GOOGL,14.37980426207881,41.265060240963855,24.97564664886232,6.795500581071626,0.30929002910030334,0.2846827654998102,15.291974086191097,12.695444978357218,6.478515397343876,-1.9069339437149502,8.478113221717365,0.0,0.0,453.7270676124446,-21692743.0,4.550502033282977
2025-01-01,HPE,3.404839540072069,28.148148148148145,10.671588917470348,0.8868638346063554,0.07269226939290338,0.004049523683074982,2.4496965025641915,-0.14683260526968667,1.0787971398832141,4.901818348944764,15.231799110534737,4.0,2.0,19.689722648709655,-18036593.0,10.386577419775179
2025-01-01,HPQ,-0.29599017089243507,-14.955562365920926,10.810199072352507,0.5325656410746766,0.07128587165555743,0.051980059373774715,-8.605157234003723,-11.201686341837602,-8.331602481119472,-4.853704362386924,19.197877766990466,-1.0,2.0,25.61098496031433,-16683441.0,1.4782978622445375
2025-01-01,INTC,2.6161470944309873,868.3414043583535,,1.5804338809090068,-0.17521706269471124,0.15541873283315205,-14.022300602728722,-16.6188297105626,-10.74370188953061,-13.05356443318203,48.42893332879248,0.0,3.0,42.007737424999775,-146856.0,7.665683467088291
2025-01-01,INTU,12.482202183198865,12.920696324951653,60.171835339022984,10.449932890480781,0.2166365280289331,0.04448462929475588,2.6384456826368696,0.04191657480299149,-2.7906902748781715,4.2018159432333,12.868495722192952,0.0,1.0,30.587038048398703,-47447390.0,-1.9855874805912777
2025-01-01,IONQ,-96.98708278787917,27.535423822055694,,240.76715426314615,-5.588619925805332,-1.168629293549334,337.3821950107156,334.78566590288176,42.950035136566676,2.5791111085509355,-68.87718492331564,0.0,0.0,16.512712932571944,-2564896.0,5.1276171169632345
2025-01-01,KLAC,0.8678097686719122,-4.394928990068436,28.481427668653414,8.167250492761228,0.06160449932298784,0.3660311487991614,-19.394278418434496,-21.990807526268373,-3.303691173616252,-11.44975811386545,26.663466805026694,1.0,1.0,73.44856703973441,-36662150.0,20.517742983380984
2025-01-01,LRCX,-1.5480545932717193,2.1238278644161612,30.792476390970165,59.19685979645705,0.28894838788298605,0.26724814479870185,-10.564378203427315,-13.160907311261195,-3.1922017958056492,1.4790756348484813,33.331382515237486,0.0,0.0,26.237479903202825,-653686.0,12.506877729594779
2025-01-01,META,23.05698869678232,86.79581609659301,27.482553158166276,,0.39941239350432384,0.3812529204298873,-1.1650965730035878,-3.761625680837466,-0.3259077052813031,13.487562456706215,-4.203454462177936,0.0,0.0,58.311001428450254,0.0,2.8736522813797682
2025-01-01,MPWR,11.623789319742194,-3.4071167521949275,65.92623980499576,13.986285682512355,0.23811356706009032,0.31936794631093623,-35.770541164318246,-38.36707027215213,-11.35045570129215,-18.501580042240327,41.709166588211154,0.0,0.0,36.40752962237358,-49635653.0,7.450119543477363
2025-01-01,MRVL,-2.2419404694801526,165.76155367739617,,17.69896899631234,-0.18391488728517225,0.13279759690499218,51.19878450144919,48.60225539361531,12.96320477532178,10.862758490451686,3.8513475541440467,0.0,0.0,28.094046304397004,-22563971.0,9.055000422842907
2025-01-01,MSFT,16.435344235261784,17.401681021064654,34.397884403546904,12.18587715733909,0.44490341870254535,0.48052637790629055,1.8407273974748062,-0.755801710359072,-1.556183825953017,2.089741991296701,19.929349980548583,0.0,1.0,30.951673980161736,-95299855.0,2.369912708936961
2025-01-01,MU,79.80347320931958,-156.49010477299186,24.02205152976137,3.2100905087130696,0.158314429091909,0.32742146146971884,-17.81808358779262,-20.4146126956265,-16.41920326390286,71.54598809686445,53.13605792882736,-1.0,0.0,25.104777028483262,-2059547.0,25.249053240748466
2025-01-01,NBIS,,,,,,,38.50000381469727,37.74224298301314,13.608868963778864,,,0.0,0.0,12.391114075389435,0.0,23.23827660455937
2025-01-01,NFLX,14.79651615139639,71.93618471236805,50.385530686365,10.136461127785394,0.25649521628035954,0.19920261318204527,23.492574670043176,20.8960455622093,4.476730388787797,-17.888087071834157,-10.728252937784788,-1.0,-1.0,13.615612796314451,0.0,-1.9227885247527943
2025-01-01,NOW,23.48359688458814,-15.769776607072938,164.61490844347463,20.902215231339866,0.12041284403669725,0.36630351681957185,14.980482154580809,12.383953046746932,1.9581256737318364,-10.347724178109562,-6.14899034115245,-2.0,-1.0,50065.99140705664,0.0,4.031905767561583
2025-01-01,NVDA,152.4381546690439,233.94218551461245,52.79123501514825,29.169244172404298,0.6271354033318913,0.1930007327688953,1.0604806560089663,-1.5360484518249118,-3.999126235998396,-11.388637355223407,22.332788497435587,-1.0,-1.0,133.81785363682565,-140899956.0,1.8220004804013312
2025-01-01,OKLO,,-4431.539095465254,,,,,112.29999542236327,109.70346631452938,-1.748444581540376,-1.9483028407037195,-27.775159378462476,0.0,0.0,797.5300391003788,-9867312.0,43.02059246874022
2025-01-01,ON,-11.520057564310127,-21.017162368586572,15.645161101007583,3.637480198770389,0.267176296778216,0.21750091489448217,-10.605415669498042,-13.20194477733192,-7.920179689461115,3.0992082757590467,35.07798207332258,0.0,2.0,133.81785363682565,-3772595.0,-9.884943387814705
2025-01-01,ORCL,6.401565042225155,12.832459716559885,39.95661653924397,8.31794153534014,0.3030236833961371,0.4766897857389911,-4.218219880267194,-6.814748988101071,-6.8752725197894,-11.842200004566072,9.249579581149137,0.0,-2.0,36.218364878468336,-1042800.0,4.19452759928538
2025-01-01,PANW,14.995698865055363,345.3656947385568,47.20103935508876,14.388719915092366,0.09111749233850534,0.5865205955454743,2.4751523171978818,-0.12137679063599638,-5.079614124405795,-4.331828336894228,11.902843229074156,-1.0,0.0,94.34991021763359,-242245386.0,1.5325821232071712
2025-01-01,PLTR,24.516794445547575,229.61741066579776,378.14998626709,64.8691317722012,0.13798464141768738,0.17734431504970263,82.46078615525367,79.8642570474198,19.99276105196699,27.64312927206305,-51.50539214573651,-2.0,0.0,239.71623311208623,-492617546.0,-2.8195274341613397
2025-01-01,QBTS,14.28571428571428,-7.221471809495217,,185.36652184509603,-7.802737691001698,,817.030517447698,814.433988339864,136.14210386984865,162.20810921976403,-39.200677511025404,0.0,0.0,56.140742964014805,-84669452.0,-34.547344572665075
2025-01-01,QCOM,8.771635957565604,40.23783185840708,16.582896425040936,4.249195898003258,0.25848262409527234,0.28941019454853445,-7.163877630315863,-9.76040673814974,-4.830709945848399,-6.399923446630263,36.49774691325462,-1.0,1.0,34.54435186538543,-6182710.0,8.871369410366881
2025-01-01,RDDT,,,,,-0.5861310029759094,0.1151549158060233,130.94533021631713,128.34880110848326,18.648007172091674,-27.727686297949905,-20.227024942872017,1.0,1.0,308.58584852626984,0.0,13.507325156685157
2025-01-01,RGTI,-19.070305587694826,-36.11541583646963,,246.3442780788588,-5.653267176856446,-3.7746673955092085,1858.921763431379,1856.3252343235451,235.8570354880478,156.7376260601713,-68.54521672342257,0.0,0.0,121.21316232513034,-10693444.0,-30.100002288818363
2025-01-01,SAP,,,,,,,8.639634654364992,6.043105546531113,2.081686654386705,12.60434195837985,5.211386002529705,1.0,0.0,59.17023807568654,,10.764233123604793
2025-01-01,SHOP,,,,,,,28.75998967472615,26.163460566892272,4.613709184093051,-27.40091238427479,-10.39901661611562,1.0,-1.0,33.0164107385933,0.0,-1.162466301674192
2025-01-01,SMCI,59.91725909698034,71.2421458853336,17.104376847495132,1.509929743524355,0.0972156829002321,0.04822834220974907,-32.78941440399454,-35.38594351182842,-9.681397689461512,-50.410468806467435,137.69685396354933,0.0,5.0,109.85800202134017,0.0,7.986694132487671
2025-01-01,SNOW,30.277869140820247,28.980548785785153,,,-0.39388078170648666,0.2522838335542164,36.02009181484631,33.42356270701244,4.779511845547435,-35.58979521122557,19.28919116374834,1.0,1.0,69.86324077115324,0.0,10.170785874648525
2025-01-01,TSM,,,,,,,6.485949169170269,3.8894200613363905,1.3072511493172456,-15.288978274965215,17.99581471630878,0.0,0.0,,0.0,8.49290872156958
2025-01-01,TXN,-13.256404593639582,-30.578628748416158,33.137132860512814,,0.3577748074597416,0.3927821271720451,-6.659165054811577,-9.255694162645456,-5.773472744789531,-10.367611995864245,14.921813370867977,0.0,-1.0,23.507000810005366,-39538819.0,4.428984783004353
2025-01-01,UBER,16.697263017356477,342.7756653992396,29.86138598753675,3.02524171893352,0.06390179954713383,0.033988797521153614,-20.808715839753265,-23.405244947587146,-13.177402668437477,-6.4959116205764555,47.03986222343251,0.0,0.0,22.93211300519364,0.0,7.234446457639532
2025-01-01,VRT,13.204257110215867,128.71754523996853,75.09784319542891,5.650458800655351,0.15873479577202954,0.014341105858607319,6.388315549062007,3.791786441228129,-6.7420507375777206,-27.658862125738114,16.84535885073466,0.0,-1.0,34.90376137774783,-297172203.0,20.989015334388505
2025-01-01,WDAY,3.9522624402961837,1967.117710453838,49.52591147395333,,0.025210084033613446,0.3338503926160628,7.750447848993103,5.153918741159225,-0.5410258718066885,115.65261065700541,13.19281864634998,-1.0,-1.0,5.465680785557993,0.0,-0.4447248782853408
2025-01-01,ZS,30.766955594852874,-78.36403111132319,,12.038853335448366,-0.04614438394048254,0.3540064627452618,1.9668858477291273,-0.6296432601047508,-8.112632674653696,1.8587822868444182,24.24081403083125,0.0,2.0,29.071705074485788,-12896993.0,5.58735753158055
2025-02-01,AAPL,3.2547582086436933,-0.8711789267488057,37.22249833364335,8.912162883770344,0.3175535678188801,0.3810415403274712,3.9830718280161825,3.03761040625139,-1.7600006427151094,43.448033505213246,3.085492346746266,-5.0,-4.0,31.29721022100525,-179392966.0,7.811045784687898
2025-02-01,ABNB,12.910244896488177,-66.3349184739058,,,0.15009225092250922,0.48029151291512917,-2.555532594761545,-3.5009940165263376,-1.8680040106511253,-6.12521287190384,4.8258000452982674,-1.0,0.0,29.06497817475876,0.0,12.55201779792321
2025-02-01,ADBE,10.799113813179462,2.431834929992638,35.392395809630365,8.97072566302259,0.31346198558474775,0.29797721460125554,-11.569091395669028,-12.514552817433822,-6.359061272969835,-3.521362345110679,33.678765906862296,-1.0,-1.0,20.99650606860768,-19618571.0,1.3041498269731333
2025-02-01,ADI,-23.39094614222099,-50.664232169455005,63.18110954470751,10.909927749118646,0.2156321359663364,0.4062190753797778,-5.762982969144403,-6.708444390909197,-1.7281778312191909,11.436881042298408,18.80287660450517,0.0,1.0,35.626850697896344,-29543151.0,16.405195509679473
2025-02-01,AMAT,2.4851981747558094,4.682030338389742,20.687423156667393,5.3613890029417615,0.2894833676773624,0.3191786870768325,-5.861516157598812,-6.806977579363604,3.499861724886677,6.5564851904337695,18.190838012717702,0.0,0.0,21.272543484802306,0.0,-3.5927666651919488
2025-02-01,AMD,7.120811287477946,113.81733021077282,103.52678298950194,7.745908419304263,0.05643136447828771,0.11936612471701996,-21.628929138264642,-22.574390560029435,-8.860678306586877,2.7544752263993333,49.02975812680233,-5.0,-5.0,-0.13649430890586842,-63251053.0,-3.0016630838711977
2025-02-01,AMZN,11.930804941266505,148.35898202101697,50.89507337811162,4.02861087229594,0.0977201480984571,0.18174634914082255,14.170429934611061,13.224968512846269,7.120286870355774,-2.3336249003487297,5.699798245101473,0.0,1.0,30.092671376824462,-14270116.0,-8.777692064112108
2025-02-01,ANET,18.191465918703308,40.18994367557638,55.332534625178184,21.944058323167756,0.4211123690430592,0.2056662281966513,15.100511768605053,14.155050346840259,4.441934921542745,47.57444951525749,-14.912026257352052,0.0,0.0,17.238547145984892,0.0,-11.838562285419007
2025-02-01,ARM,,,261.55738205206205,47.43622438681682,0.11371994342291372,,8.184165767483066,7.238704345718272,12.788228952639669,63.97217685178775,-12.127861285894625,0.0,-1.0,13.672880683009364,0.0,-6.94506776902476
2025-02-01,ASML,,,,,,,10.432133823232782,9.486672401467988,3.4990962434202633,42.32042412641495,32.46231923382275,0.0,1.0,3.052630086921393,,1.0544655460261954
2025-02-01,AVGO,43.98503587481504,-58.13804857264593,,19.85136320851054,0.26104238569822,0.2995695505487261,20.81403198742191,19.868570565657116,6.553009385114805,21.54430417975357,2.909320236655377,0.0,0.0,967.744606162268,-105432515.0,0.4271418396653015
2025-02-01,BKNG,11.740184197770231,-5.016974726518297,31.88112451205136,,0.2791514836022905,0.3071750824223495,-4.002568334046808,-4.9480297558116,-5.166586143965191,26.138268008287312,7.264297529757213,0.0,1.0,16.998427632087424,-4368344.0,6.344484309980447
2025-02-01,CRM,9.527596159509933,128.9737654320988,55.553461375989414,8.819001824630972,0.1884159294415015,0.336793137755788,6.255589204788459,5.310127783023666,1.0121921084359498,11.45152910749687,10.69585122644039,1.0,1.0,21.117688373361617,0.0,-8.67823270497775
2025-02-01,CRWD,26.61242659135612,-969.5889556196864,865.3695811396059,,-0.002560326887537274,0.2113383289893851,20.616310273788983,19.670848852024193,9.748625533707433,8.377284400276007,-8.732713938986446,-1.0,-3.0,36.0803991880816,0.0,2.291416652095002
2025-02-01,CSCO,-8.7155805217631,-30.837199028053895,25.160665880457014,4.397711659370683,0.19372923588039867,0.25334113560857746,5.086017856255132,4.140556434490339,2.7146837145920255,3.5050219079185485,3.8727683675676694,2.0,-1.0,23.05010311550573,-24144019.0,4.816518250950197
2025-02-01,DELL,3.0072630724332416,47.41766467065869,18.64286812629489,0.756909937434346,0.05768636765473388,0.0510081267907165,-22.509925909590823,-23.455387331355617,-12.915158397791238,16.112389898205095,44.00539690100243,0.0,-1.0,289.81260901750534,0.0,17.494280745313695
2025-02-01,FTNT,10.40269105109517,32.95385417571912,50.693465956491444,13.525918242092551,0.282744974434405,0.38871961896757024,9.604515699650861,8.659054277886069,4.950393434072664,-14.246731825533665,-2.2674511529567565,2.0,3.0,28.309361687647414,-41412221.0,9.038647154874813
2025-02-01,GOOGL,10.561364242633232,27.744427129209303,26.917756584025824,7.32391969984186,0.30929002910030334,0.2846827654998102,14.524135845615183,13.57867442385039,8.949871589548163,0.4326586084416384,3.2157102643185054,-1.0,-1.0,453.7270676124446,-27307436.0,-10.71906139992559
2025-02-01,HPE,3.404839540072069,28.148148148148145,10.591612702206625,0.8802174004628914,0.07269226939290338,0.004049523683074982,-3.2545770931898255,-4.200038514954619,-3.726503799635883,17.979559711104077,16.101902977622906,4.0,2.0,19.689722648709655,-18302864.0,3.323560278232507
2025-02-01,HPQ,-0.29599017089243507,-14.955562365920926,10.76713100446925,0.5304438879942217,0.07128587165555743,0.051980059373774715,-10.996581968292062,-11.942043390056856,-5.056771756234335,-17.314558202347474,19.113209222287985,-1.0,2.0,25.61098496031433,-16683441.0,8.218751124458713
2025-02-01,INTC,-2.078262152393595,-1238.721136767318,,1.5843750837349793,-0.2199205288036007,0.158772904465076,-25.839695651230688,-26.78515707299548,-7.961800010265496,24.25300837989244,33.3661506498182,1.0,2.0,42.007737424999775,-398802.0,28.32818326215878
2025-02-01,INTU,12.482202183198865,12.920696324951653,57.683661197410025,10.017816225712496,0.2166365280289331,0.04448462929475588,-11.94194186936014,-12.887403291124933,-5.011639068803875,4.797856651841048,18.955402167365932,0.0,1.0,30.587038048398703,-68788907.0,-5.874227229949403
2025-02-01,IONQ,-96.98708278787917,27.535423822055694,,227.6249753835976,-5.588619925805332,-1.168629293549334,59.298104961876106,58.352643540111316,5.20174945596632,-34.19654179324317,-67.08027488616524,0.0,0.0,16.512712932571944,-2564896.0,-23.462746957256996
2025-02-01,KLAC,12.154669626312643,18.544090946375256,30.728186019743326,9.048060299264298,0.05825292752612553,0.34611734885645806,7.692379542250594,6.746918120485801,9.965110915384724,10.721203396433898,8.994778050646591,0.0,-1.0,73.44856703973441,-36662150.0,1.9035187139302412
2025-02-01,LRCX,13.214511243057014,24.155885315202184,31.835545425475633,6.354738694816326,0.2950044444203153,0.25706233441387943,3.962772810009896,3.017311388245103,7.202666657840395,25.350779845806226,16.40816405778216,1.0,1.0,26.237479903202825,-653686.0,7.270226888688502
2025-02-01,META,29.57425859556535,109.7332929741365,28.742263423027556,,0.42176035404040096,0.3620768262806913,17.035320616233808,16.089859194469014,13.023704264511471,41.527081575415025,-14.800576212313244,0.0,0.0,58.311001428450254,0.0,-1.9943923928469887
2025-02-01,MPWR,11.623789319742194,-3.4071167521949275,71.01470706427916,15.065806628723749,0.23811356706009032,0.31936794631093623,-16.10500595215063,-17.050467373915424,5.161100317387279,5.077171486131604,30.232218626177378,1.0,2.0,36.40752962237358,-52180853.0,5.136947988749063
2025-02-01,MRVL,-2.2419404694801526,165.76155367739617,,18.094339338798854,-0.18391488728517225,0.13279759690499218,20.380910482670078,19.435449060905285,3.007718540186888,15.445681664769651,5.649242451598924,0.0,0.0,28.094046304397004,-25338101.0,-8.58575678465181
2025-02-01,MSFT,15.035833080678263,12.368398735174036,33.05349788004885,11.64922999488394,0.4496184139158601,0.47968693898442333,-1.5736229810348945,-2.5190844027996873,-3.7665851726571,29.723295948426,21.73582556832645,0.0,1.0,30.951673980161736,-95299855.0,-0.4603084473896901
2025-02-01,MU,79.80347320931958,-156.49010477299186,26.04291855776549,3.480140968721872,0.158314429091909,0.32742146146971884,-18.356986843824874,-19.302448265589668,-6.706105625008707,9.732974188211841,40.95685619105287,-1.0,0.0,25.104777028483262,-2568347.0,9.919932747084825
2025-02-01,NBIS,,,,,,,63.95582189921558,63.01036047745079,8.865577546562431,81.67715342243562,56.154317937148136,0.0,0.0,12.391114075389435,0.0,19.588704419608895
2025-02-01,NFLX,15.6499199944774,61.08814920145933,49.25668305720696,10.712966332689575,0.26711169154117875,0.18874824792801287,22.856718154973144,21.91125673320835,8.057878883443603,68.25324878802313,1.2591422857103796,4.0,4.0,13.615612796314451,0.0,2.4730885636078836
2025-02-01,NOW,22.438970014491133,-17.67764298093587,148.88596116450796,19.14441239682758,0.12418062636562273,0.34896212672978877,1.021743108698292,0.07628168693349924,-5.735844530644075,63.825353239621016,8.089185608325433,-1.0,0.0,50065.99140705664,0.0,-8.083725007314113
2025-02-01,NVDA,152.4381546690439,233.94218551461245,47.20115661621094,26.080504882355555,0.6271354033318913,0.1930007327688953,-18.662675838800556,-19.60813726056535,-12.538123140586787,53.88414909828745,38.03219681792414,0.0,-1.0,133.81785363682565,-146444739.0,15.232278737235516
2025-02-01,OKLO,,-4431.539095465254,,,,,70.04496026954492,69.09949884778013,66.49328049440332,65.95261260847283,-21.893776680419496,0.0,0.0,797.5300391003788,-9867312.0,-15.545393734395086
2025-02-01,ON,-11.520057564310127,-21.017162368586572,12.987593089972183,3.019598992267229,0.267176296778216,0.21750091489448217,-25.663971835930642,-26.609433257695436,-16.995996757806164,18.12067440563179,53.76052853447702,-1.0,-1.0,133.81785363682565,-3772595.0,7.540789976317153
2025-02-01,ORCL,6.401565042225155,12.832459716559885,40.876881942189414,8.509517161148652,0.3030236833961371,0.4766897857389911,-9.919157920353328,-10.86461934211812,-2.091591905234136,102.01106672812243,7.575616878455471,0.0,-2.0,36.218364878468336,-706498214.0,-0.4685866250513482
2025-02-01,PANW,14.995698865055363,345.3656947385568,47.83916943422705,14.583246881099244,0.09111749233850534,0.5865205955454743,-5.763923840162432,-6.709385261927226,-2.323279003338097,3.3568726835675022,9.974943871264275,-5.0,-5.0,94.34991021763359,-407161508.0,4.507908417210493
2025-02-01,PLTR,24.516794445547575,229.61741066579776,412.4499893188479,70.75307068150964,0.13798464141768738,0.17734431504970263,41.2741886042794,40.32872718251461,13.522511147203797,-25.169676415019037,-49.86914505105929,-2.0,-1.0,239.71623311208623,-537602154.0,21.029377907317336
2025-02-01,QBTS,14.28571428571428,-7.221471809495217,,131.08061909165664,-7.802737691001698,,271.24999804422265,270.3045366224578,5.821992682405708,16.003517887995965,-3.1986541311477157,0.0,0.0,56.140742964014805,-174047779.0,25.868050554008605
2025-02-01,QCOM,7.356993276755208,30.628541988665646,18.6673626851876,4.783318843423485,0.25848262409527234,0.28941019454853445,1.711184446204439,0.7657230244396462,7.663347329747605,-4.290874099984032,22.164580097773268,0.0,2.0,34.54435186538543,-6646561.0,-2.8254322504143503
2025-02-01,RDDT,,,,,-0.5861310029759094,0.1151549158060233,48.03412354162826,47.088662119863464,19.96268147440141,-22.137078434109846,-21.77637899872581,0.0,0.0,308.58584852626984,0.0,-17.74998966707465
2025-02-01,RGTI,-19.070305587694826,-36.11541583646963,,212.6051187700981,-5.653267176856446,-3.7746673955092085,772.1854410246377,771.239979602873,42.78589840682343,9.020208183595013,-56.71981801837629,0.0,0.0,121.21316232513034,-10693444.0,-20.193023111415144
2025-02-01,SAP,,,,,,,16.206426454089005,15.260965032324215,9.43045788385497,28.26360622718309,-1.0207869886901033,0.0,-1.0,59.17023807568654,,3.826675463621765
2025-02-01,SHOP,,,,,,,34.06795152602336,33.12249010425856,6.084801900627745,-16.353769900852377,-15.828341240338329,2.0,1.0,33.0164107385933,0.0,1.0228150845249306
2025-02-01,SMCI,59.91725909698034,71.2421458853336,16.00448959470464,1.4128345676919267,0.0972156829002321,0.04822834220974907,16.313213398548278,15.367751976783484,-14.638379567926773,-51.13207256840327,154.032253987141,0.0,4.0,109.85800202134017,0.0,108.82681153896891
2025-02-01,SNOW,30.277869140820247,28.980548785785153,,,-0.39388078170648666,0.2522838335542164,50.144755913017455,49.199294491252665,8.363011473042214,-21.55141416420374,3.330704221079084,4.0,5.0,69.86324077115324,0.0,-2.5473836241439285
2025-02-01,TSM,,,,,,,4.366158289591171,3.4206968678263783,4.106329721469093,51.288418503474716,13.152154177414378,0.0,0.0,,0.0,-0.7807928081171367
2025-02-01,TXN,-13.256404593639582,-30.578628748416158,32.86589726888625,,0.3577748074597416,0.3927821271720451,-15.577112928625736,-16.522574350390528,-3.3902703598808315,43.634920124662635,15.575716857271015,0.0,-1.0,23.507000810005366,-39538819.0,11.63922348755655
2025-02-01,UBER,16.697263017356477,342.7756653992396,33.094058650555006,3.3527421305989553,0.06390179954713383,0.033988797521153614,-7.20433422466491,-8.149795646429702,1.1759707262647412,-10.312570779620579,33.52985477914261,-1.0,-1.0,22.93211300519364,0.0,17.238814558322236
2025-02-01,VRT,13.204257110215867,128.71754523996853,77.3518998101847,5.820056934158039,0.15873479577202954,0.014341105858607319,-6.914498010164783,-7.859959431929575,-7.708310484802949,95.0012445007751,14.663529121153784,-1.0,-2.0,34.90376137774783,-297172203.0,-14.751343294504228
2025-02-01,WDAY,3.9522624402961837,1967.117710453838,50.29942371566098,,0.025210084033613446,0.3338503926160628,2.151706879944726,1.2062454581799331,0.15317501054081806,-46.04641109531755,11.792829292376883,0.0,0.0,5.465680785557993,0.0,-1.3011412049821036
2025-02-01,ZS,30.766955594852874,-78.36403111132319,,13.51893577757921,-0.04614438394048254,0.3540064627452618,3.504828467835286,2.559367046070493,3.2805665888347324,-21.60061715521713,10.991236942476611,0.0,1.0,29.071705074485788,-12896993.0,-0.7200012207031259
2025-03-01,AAPL,2.6066485872659584,-4.719907246836385,38.18553621806795,9.14274252977643,0.3175535678188801,0.3810415403274712,-0.3023006530971428,1.6111639420586576,0.7534959623031634,-11.353236295855018,0.4856798445060484,-5.0,-4.0,17.567878148903667,-176656226.0,-8.30146886011529
2025-03-01,ABNB,11.949178178884745,-44.74123539232053,,,0.2299585660241398,0.4689569446946496,1.4241870978088267,3.337651692964627,2.2926862650866298,50.401728906244124,6.7483146271079875,2.0,4.0,-0.9550631850492248,0.0,-8.639518403249614
2025-03-01,ADBE,10.799113813179462,2.431834929992638,35.48220044972442,8.993487975974883,0.31346198558474775,0.29797721460125554,-20.688661000472752,-18.77519640531695,-0.44407075337463686,-30.52304953876869,32.875944907146646,-1.0,-1.0,9.883307747808306,-19618571.0,-12.130148690099162
2025-03-01,ADI,-19.28481832696798,-44.461814483250414,71.88650990446536,11.95133168835799,0.20756312069436914,0.484958223325905,5.881802583341655,7.795267178497456,6.015201875926546,53.494366638514435,15.19755473940474,0.0,1.0,19.149520663118114,-31544600.0,-10.169644726627746
2025-03-01,AMAT,4.342080422880867,-11.38586197261805,20.4541095409518,4.6316512131143135,0.29220191785778904,0.2959290754478017,-8.430197540744045,-6.5167329455882435,-9.287031570366555,21.35731783441188,34.985668552782535,0.0,0.0,4.487661278655503,-46808.0,-0.00657593231065956
2025-03-01,AMD,13.690476190476186,92.15456674473069,99.86000061035156,6.2816723284851745,0.0736862516967229,0.11246848943184022,-27.94573688645827,-26.032272291302473,-14.718526035057877,-11.840234185399279,61.163127394690896,-7.0,-7.0,7.7919222018552095,-52143407.0,8.357934239949461
2025-03-01,AMZN,10.990892246666139,94.73459326211997,38.38697988775712,3.5248064955100435,0.1075194487420038,0.1816370644508503,-6.496938765497218,-4.583474170341417,-6.318348696338205,13.792309134430457,24.117803958160277,0.0,1.0,16.545370087375055,-41863199.0,-4.297140461906201
2025-03-01,ANET,19.50418486295955,36.63705774052002,,16.75920115749206,0.42047045713455067,0.1942128580497965,-14.041567619623263,-12.128103024467462,-16.665021775237634,75.1177447553572,17.829791944245166,0.0,0.0,12659.454045039,-14672075.0,-3.3484534487638884
2025-03-01,ARM,23.793565683646122,195.23809523809524,171.02597719663152,37.574786836286464,0.11992420140768814,,-6.529914818722138,-4.616450223566337,-10.434096086364598,-18.972208908168795,16.63755573878307,0.0,1.0,-3.953204956133335,0.0,-1.676299591143826
2025-03-01,ASML,,,,,,,0.22558787596160812,2.1390524711174086,-2.944207354381112,-0.5217579367582492,37.818127384266106,0.0,1.0,544.1727081535423,,2.337623838332159
2025-03-01,AVGO,43.98503587481504,-58.13804857264593,,17.89197417648386,0.26104238569822,0.2995695505487261,11.382117750587263,13.295582345743062,-12.14854127830305,-25.092353681514567,17.349658254308054,0.0,0.0,10.740619713918383,-105432515.0,2.5991171188290307
2025-03-01,BKNG,11.111631172478354,37.141524830962936,28.694334410649137,,0.3182526643919289,0.2982855217153208,-5.364375404428889,-3.450910809273089,2.2485322044010436,26.499687910862015,8.099918212902658,0.0,1.0,62203.287030073334,-878170.0,-6.458184185851879
2025-03-01,CRM,9.527596159509933,128.9737654320988,48.4243443137721,7.687268628850737,0.1884159294415015,0.336793137755788,-17.624830223587008,-15.711365628431206,-9.887436856882747,19.7971714629934,23.177052576915514,0.0,-2.0,-0.04042016265785477,0.0,-4.244878325869816
2025-03-01,CRWD,26.61242659135612,-969.5889556196864,847.0869644828464,,-0.002560326887537274,0.2113383289893851,6.566391403365435,8.479855998521234,0.9540981271241256,15.21876065658725,-0.3922457271407054,-1.0,0.0,6.20059145770742,0.0,-5.35364882914423
2025-03-01,CSCO,-5.341324061293307,-31.654515697068884,27.08293465027122,4.552813482509868,0.18975191966922622,0.2477296219728293,7.7757018614040385,9.689166456559839,5.301761616672351,-0.1339657737970179,5.288751795253455,2.0,0.0,10.304805405552365,-25637132.0,-5.009453122748219
2025-03-01,DELL,3.0072630724332416,47.41766467065869,18.491713381603937,0.7507729778435862,0.05768636765473388,0.0510081267907165,-16.39255845273754,-14.479093857581738,-8.541748211695676,30.65981305900449,40.81155635117586,0.0,0.0,68.3134727756684,0.0,2.1033923175971303
2025-03-01,FTNT,12.271904690091983,52.0473950165534,47.792036343464815,13.909747076545345,0.30279727324624733,0.37272910440243123,8.870076739205523,10.783541334361324,6.887046686738385,17.086786100485195,0.09361075167197974,0.0,0.0,17.180891808961498,-42223676.0,-7.40566859568943
2025-03-01,GOOGL,13.86624332290156,35.67043837658377,21.06905695217759,5.9096532341823735,0.32109777211457696,0.2764200698249804,-2.4239311707860867,-0.5104665756302862,-10.65028460621047,8.445370774209549,24.018306827687752,-1.0,-1.0,-4.678633521852983,-36872082.0,-1.6951691421998705
2025-03-01,HPE,3.404839540072069,28.148148148148145,9.901833410707779,0.822893199519464,0.07269226939290338,0.004049523683074982,-16.76805983207451,-14.85459523691871,-8.947327438784802,-26.15193542554074,25.585158271541708,3.0,0.0,208.7773749803665,-18302864.0,-14.978462158646511
2025-03-01,HPQ,1.5129533678756468,-20.011771630370813,10.337483111045342,0.5040573495866072,0.06919336278258287,0.0396451241694198,-14.012506030842985,-12.099041435687186,-6.776579267892102,22.180738661745124,28.023546233254205,0.0,3.0,0.4289816513120591,-16683441.0,-3.5533931078641
2025-03-01,INTC,-2.078262152393595,-1238.721136767318,,1.9350087195699384,-0.2199205288036007,0.158772904465076,13.432119769094108,15.345584364249909,12.564747724036508,50.73779206951787,10.482055668329293,1.0,1.0,31.00995019682217,-398802.0,6.684258896493955
2025-03-01,INTU,13.733934013515302,9.638989169675094,56.55546099226052,9.879556100236146,0.2224034484767286,0.04298945651540747,-4.889412875226872,-2.9759482800710724,0.7420996416808823,39.13919136498534,18.021606367130726,1.0,1.0,12.988451143693373,-118549307.0,0.4907642953241975
2025-03-01,IONQ,95.41330187823247,110.20783287169378,,126.5886856068915,-5.396768277110951,-1.0165851229308382,-35.29102210977165,-33.37755751461585,-36.71896828872418,-34.306937486421354,-47.08994643276895,0.0,0.0,271.0161547572794,-2564896.0,-3.678062998791054
2025-03-01,KLAC,12.154669626312643,18.544090946375256,29.571099714799356,8.707350741861228,0.05825292752612553,0.34611734885645806,9.578497332477731,11.491961927633533,-0.13442071383077403,-1.6010446827697145,13.550752692076063,0.0,-1.0,-3.2265508964880896,-9485021.0,2.219499450520823
2025-03-01,LRCX,13.214511243057014,24.155885315202184,30.142622774228677,6.016811986307628,0.2950044444203153,0.25706233441387943,0.5035253645307991,2.4169899596865996,-2.4860109954747855,20.409874544461214,27.945513077796647,2.0,2.0,9.178537470424846,-10560886.0,0.381217083126395
2025-03-01,META,21.941112807816054,59.496649444984406,27.86728634318682,,0.42176035404040096,0.3620768262806913,7.209202838155848,9.122667433311648,2.713302586045274,12.831590673383086,-12.125484633183238,0.0,0.0,-7.976631248524899,0.0,-8.895446382873295
2025-03-01,MPWR,11.991563211119605,1.6070233565916414,68.07772562226958,14.442724505221987,0.23811356706009032,0.31936794631093623,3.8322277521687376,5.745692347324538,-4.317921782811207,-1.4545280030714647,42.33680825198927,0.0,0.0,1.9224152490951483,-46030738.0,2.0831955389173373
2025-03-01,MRVL,-2.2419404694801526,165.76155367739617,,14.721090811879922,-0.18391488728517225,0.13279759690499218,-19.06737776973508,-17.153913174579284,-17.547753513762252,0.48701326308664417,30.248675276359236,0.0,0.0,8.994746025194633,-26170436.0,-17.989043456576226
2025-03-01,MSFT,15.035833080678263,12.368398735174036,31.67787562638497,11.164411714011955,0.4496184139158601,0.47968693898442333,-10.321711207728946,-8.408246612573144,-5.889714637646614,11.811230079727908,27.479754038825277,0.0,1.0,11.700108906659127,-89289957.0,0.7130243555837357
2025-03-01,MU,79.80347320931958,-156.49010477299186,26.725102290724614,3.5713018557783944,0.158314429091909,0.32742146146971884,-7.332574013933357,-5.419109418777557,-2.5998416426258775,-16.45320576399788,37.3587979573911,-1.0,0.0,19.97330547923547,-6310533.0,4.616735194547594
2025-03-01,NBIS,,,,,,,-11.639920386221236,-9.726455791065437,-5.669685339132114,80.43480485048448,69.28284751813977,0.0,0.0,49.414121219201135,0.0,-3.9857680570423493
2025-03-01,NFLX,15.6499199944774,61.08814920145933,49.448310517326966,10.754643896042758,0.26711169154117875,0.18874824792801287,4.901898688717687,6.815363283873488,3.6296149271509703,3.768589032813141,1.166680516224372,4.0,4.0,3.5498342518291714,0.0,-1.377224381372244
2025-03-01,NOW,22.438970014491133,-17.67764298093587,135.92982152749224,17.47845491942748,0.12418062636562273,0.34896212672978877,-17.306153397151615,-15.392688801995813,-10.79958769281405,14.820404264944887,18.369444663343515,-1.0,0.0,-4.425782088781225,0.0,-9.06943443951217
2025-03-01,NVDA,114.20340763599354,144.89247311827955,,23.395991299398418,0.6241752683969747,0.16752109243890664,-12.299926821368501,-10.3864622262127,-6.447716493812616,6.776279938970697,35.938387997145725,1.0,2.0,11.863603271799489,-146444739.0,3.20079138374052
2025-03-01,OKLO,,-4431.539095465254,,,,,52.39616440979704,54.30962900495284,-1.922773220182794,-16.918992935808518,33.27343759639565,0.0,0.0,102.984083857746,-9867312.0,-7.55615853222702
2025-03-01,ON,-14.185144795831818,-27.955710102489018,12.961432296710894,2.809827396038125,0.24959405842734705,0.22657893622128406,-29.269390241370797,-27.355925646214995,-16.681130074675387,18.613977744741117,41.8065910348532,-1.0,-1.0,11.863603271799489,-3772595.0,-2.516145784801982
2025-03-01,ORCL,6.401565042225155,12.832459716559885,39.91541034726467,8.30936346428547,0.3030236833961371,0.4766897857389911,-13.157626666989175,-11.244162071833374,-1.7351447907101747,-15.732930560278312,10.166869205195717,0.0,-2.0,-2.397730218635062,-705550301.0,-6.042480084017909
2025-03-01,PANW,13.857374392220411,-44.895897390845995,106.38547076859285,14.67358580748917,0.10991190712327169,0.5672014468234059,-6.169009342559328,-4.255544747403528,1.5179410010624395,11.779233291153801,8.459529290565415,-4.0,-3.0,93.52660450188775,-565245747.0,-0.7404101730138057
2025-03-01,PLTR,28.78613688375613,112.62334675100631,446.9473587839227,69.31075970763234,0.10832393709036481,0.16378009196976312,11.239196021281561,13.152660616437363,-1.568964477488044,37.13889869961391,-12.20494917200783,1.0,4.0,1.2394074629457177,-718450389.0,9.038601152036762
2025-03-01,QBTS,14.28571428571428,-7.221471809495217,,120.92959397353466,-7.802737691001698,,8.300396858566605,10.213861453722405,-18.52512556027781,-22.450896438889632,10.140771253770087,0.0,0.0,1737.0954340291846,-174047779.0,70.6122345707906
2025-03-01,QCOM,12.134905764355786,35.94796496651212,16.29400641300438,4.135977442662468,0.26287595832514254,0.3117751130332219,-1.466970659994038,0.4464939351617625,-4.286249743124082,7.561135845674705,33.49452212291513,0.0,1.0,14.605052697251896,-10561585.0,2.6334920843827714
2025-03-01,RDDT,,,,,-0.43113816667371685,0.17079460546606112,-0.602110936725242,1.3113536584305585,-11.455506548503214,26.11578230100924,6.052311698610757,0.0,0.0,70.45521859319005,0.0,-28.77808610540935
2025-03-01,RGTI,-19.070305587694826,-36.11541583646963,,136.5709417225312,-5.653267176856446,-3.7746673955092085,93.15068075578905,95.06414535094486,-30.693231263456646,-55.65260508043699,9.929077518503382,0.0,0.0,134.99439512756157,-10637050.0,17.79220674668862
2025-03-01,SAP,,,,,,,8.208070182251092,10.121534777406893,2.651693914337905,10.221010726962533,-0.6392634137336817,0.0,-1.0,1.157340492009755,,-2.8932683858200248
2025-03-01,SHOP,,,,,,,-5.381433301323435,-3.4679687061676345,-0.8667081921700182,6.375046290272546,1.7857142857142794,2.0,1.0,3.4921484551344024,0.0,-2.223684280226268
2025-03-01,SMCI,125.01273945170696,97.25128280751196,,1.1818382233480442,0.07418983775741572,0.041229117968202784,-5.622584119154017,-3.7091195239982166,14.033926688260244,96.16739541642025,74.74674770828327,0.0,2.0,-3.2005715869874374,-9094401.0,16.85611833239666
2025-03-01,SNOW,30.277869140820247,28.980548785785153,,,-0.39388078170648666,0.2522838335542164,-3.561311973355119,-1.6478473781993186,2.2844527077738874,46.30718929789302,12.80845674675437,3.0,2.0,19.073408655815122,0.0,-8.787788680218823
2025-03-01,TSM,,,,,,,-10.795352599749542,-8.88188800459374,-11.501431180066024,13.404692729872858,31.197080192668846,0.0,0.0,,0.0,2.5718836575552295
2025-03-01,TXN,-10.719789942348312,-25.895614576899316,36.16675743689904,,0.349402212134774,0.39453999104916565,2.2471756313749536,4.160640226530754,4.0336587388668965,16.12315645141784,10.308768942614744,0.0,0.0,5.611266330392255,-130062078.0,-7.917060989325664
2025-03-01,UBER,12.537217349320029,116.04823747680891,37.628713928826976,3.8189849131944564,0.06390179954713383,0.033988797521153614,15.009844678494133,16.923309273649934,10.29209461099363,-36.4351178205,16.586823534088,-1.0,-1.0,1.8605552344706418,-2511496.0,1.880701035154253
2025-03-01,VRT,16.735633523720715,7.735767057800946,74.21264052391052,4.513829648226654,0.17067325694600463,0.013480116827679174,-28.898031603755538,-26.984567008599736,-19.466490240874656,32.51117535300423,40.16191366933466,-1.0,-1.0,-2.3582315421392903,-297172203.0,3.814329121391702
2025-03-01,WDAY,3.9522624402961837,1967.117710453838,50.54510486331873,,0.025210084033613446,0.3338503926160628,-1.1560757205198446,0.7573888746359558,0.817363561903317,-8.808351101857392,18.003343328553,0.0,1.0,-3.3685392426853205,0.0,-1.9955225222525241
2025-03-01,ZS,30.766955594852874,-78.36403111132319,,13.094529630430145,-0.04614438394048254,0.3540064627452618,-7.434317353292963,-5.5208527581371625,0.24223831744789592,-5.028880176828543,15.098174476210268,0.0,1.0,64.93832301141782,-12896993.0,8.69219992885859
2025-04-01,AAPL,2.6066485872659584,-4.719907246836385,35.240781269376235,8.43768142613179,0.3175535678188801,0.3810415403274712,-7.751379075609299,-3.339014613087621,-2.978960527506136,-7.05416690597861,9.075722842061374,-5.0,-4.0,17.567878148903667,-85184044.0,-13.454903165276999
2025-04-01,ABNB,11.949178178884745,-44.74123539232053,,,0.2299585660241398,0.4689569446946496,-7.7005053682372875,-3.2881409057156086,-9.686190209435697,-9.102792025789997,23.156774166116676,3.0,4.0,-0.9550631850492248,0.0,-7.897342524115736
2025-04-01,ADBE,10.538723916532899,40.616538221203925,25.310436737584627,7.564187743797186,0.36288968552888323,0.3230022235331488,-9.329671869065347,-4.917307406543669,-10.747390060700624,10.695049702047355,42.35385767818896,0.0,0.0,9.883307747808306,-2721071.0,-10.433196689129575
2025-04-01,ADI,-19.28481832696798,-44.461814483250414,62.508277771191096,10.392174580520493,0.20756312069436914,0.484958223325905,-7.330053432278194,-2.9176889697565156,-7.488251650857592,-14.05260401939069,32.48085621647117,0.0,0.0,19.149520663118114,-27235005.0,-12.144800984668901
2025-04-01,AMAT,4.342080422880867,-11.38586197261805,18.84826859617545,4.268022811445164,0.29220191785778904,0.2959290754478017,-17.897031252796612,-13.484666790274936,-12.11758803427384,0.45479908285892545,46.839841206335734,2.0,3.0,4.487661278655503,-111982.0,-6.933974998060766
2025-04-01,AMD,13.690476190476186,92.15456674473069,102.77999877929688,6.465354198953637,0.0736862516967229,0.11246848943184022,-19.280611559506223,-14.868247096984543,-5.5389929741355814,-13.361768542016407,53.84802673480023,-7.0,-6.0,7.7919222018552095,-42320754.0,-16.754233727595423
2025-04-01,AMZN,10.990892246666139,94.73459326211997,34.75045174845304,3.19088968194451,0.1075194487420038,0.1816370644508503,-13.479808364833657,-9.067443902311979,-10.792373554384781,6.733749803752631,37.06614066178695,0.0,1.0,16.545370087375055,-42866099.0,-12.931254140347036
2025-04-01,ANET,19.50418486295955,36.63705774052002,,14.136804082836468,0.42047045713455067,0.1942128580497965,-31.919509722895288,-27.507145260373612,-19.731739013752538,-6.646239239883178,44.3058072145555,1.0,1.0,12659.454045039,-34174024.0,-13.785195552691764
2025-04-01,ARM,23.793565683646122,195.23809523809524,138.93506929471897,30.524343134328102,0.11992420140768814,,-25.903864982020885,-21.49150051949921,-22.542357432388194,-35.83432296232628,46.055332863170186,0.0,1.0,-3.953204956133335,0.0,-9.487755849113144
2025-04-01,ASML,,,,,,,-11.725349738577185,-7.312985276055506,-7.756215901965424,-20.13128930508027,46.438213461071996,0.0,0.0,544.1727081535423,,-6.3910373087484595
2025-04-01,AVGO,40.303615077833534,-13.410126364652285,,14.391797030249064,0.32349758843917914,0.3383520695409782,-26.07158047614474,-21.659216013623062,-18.296578508940332,4.108703320056772,41.60058465027294,0.0,0.0,10.740619713918383,-191696515.0,-1.3707563387218347
2025-04-01,BKNG,11.111631172478354,37.141524830962936,26.859975080662963,,0.3182526643919289,0.2982855217153208,-2.100693145890098,2.3116713166315805,-1.5428898895620269,-4.247704812584063,15.482430406197146,0.0,0.0,62203.287030073334,-5069014.0,-5.295180294843105
2025-04-01,CRM,6.690191353243247,43.49613152804641,43.929019727204974,6.9736447654711196,0.1884159294415015,0.336793137755788,-16.84362509731875,-12.43126063479707,-12.043003591480328,-16.270619075547376,35.68741705365823,0.0,-1.0,-0.04042016265785477,0.0,-12.423688470026239
2025-04-01,CRWD,26.913866711612133,-108.72881823701496,,,-0.025192609548977635,0.19648636654208967,0.6806913168912132,5.093055779412891,-6.186904854958364,-4.6051842552611415,9.953638344050454,0.0,1.0,6.20059145770742,0.0,0.08554488504242119
2025-04-01,CSCO,-5.341324061293307,-31.654515697068884,26.10708844713769,4.3887675322517445,0.18975191966922622,0.2477296219728293,4.87018146791649,9.282545930438168,-0.45038705532378653,29.21022724115454,9.224297073697985,2.0,0.0,10.304805405552365,-25756723.0,-11.43528024532393
2025-04-01,DELL,4.850459702016541,67.10329341317365,14.446459705806621,0.6544147837810286,0.06371446210511997,0.050111440141471425,-23.86548411798647,-19.45311965546479,-11.127345891318441,-22.219806500706607,58.81446644800017,0.0,0.0,68.3134727756684,0.0,-10.40670471926094
2025-04-01,FTNT,12.271904690091983,52.0473950165534,42.77433547298465,12.44935837260839,0.30279727324624733,0.37272910440243123,0.771393580126567,5.183758042648245,-5.877704068394163,-7.686685606446241,12.486544740282302,-1.0,-2.0,17.180891808961498,-90990764.0,-4.086062918237543
2025-04-01,GOOGL,13.86624332290156,35.67043837658377,19.456941215553098,5.457471392420605,0.32109777211457696,0.2764200698249804,-19.560642388401096,-15.148277925879416,-11.824759476147229,9.42908424942468,33.29184849172178,-1.0,-1.0,-4.678633521852983,-36633579.0,-5.984590783147093
2025-04-01,HPE,11.19974359887468,48.35164835164836,7.3123088249793415,0.6397283195330628,0.06718760007685903,-0.039422276308204704,-29.235703800280678,-24.823339337759,-18.27237987985244,33.064545398906596,37.13141454335194,0.0,-4.0,208.7773749803665,-18302864.0,-5.2429694620609535
2025-04-01,HPQ,1.5129533678756468,-20.011771630370813,9.40100923716593,0.4583947319306325,0.06919336278258287,0.0396451241694198,-16.621662662806237,-12.209298200284557,-10.457956567166116,14.778997363165104,39.182209526742675,0.0,1.0,0.4289816513120591,-12446615.0,-14.537615041126717
2025-04-01,INTC,-2.078262152393595,-1238.721136767318,,1.7980169242852708,-0.2199205288036007,0.158772904465076,10.194897475484478,14.607261938006156,-1.2114511133267003,-27.567654252094442,19.68845923345379,2.0,2.0,31.00995019682217,-398802.0,-14.557819480907053
2025-04-01,INTU,13.733934013515302,9.638989169675094,56.549933602876756,9.878590532056757,0.2224034484767286,0.04298945651540747,-0.10214797944101406,4.310216483080664,2.8757204617791743,-9.726265710431015,19.992465197631248,2.0,2.0,12.988451143693373,-178019295.0,-7.159959736530286
2025-04-01,IONQ,95.41330187823247,110.20783287169378,,119.47870261666553,-5.396768277110951,-1.0165851229308382,-53.23653869186885,-48.82417422934717,-24.50385302455116,-12.833962197587923,-43.941355322921346,0.0,0.0,271.0161547572794,-75994300.0,3.622251544816657
2025-04-01,KLAC,12.154669626312643,18.544090946375256,28.470588452888254,8.383299974549638,0.05825292752612553,0.34611734885645806,-0.7686682572308978,3.6436962052907806,-5.755369420722234,-15.053724408305502,19.599686796997307,0.0,-1.0,-3.2265508964880896,-14563158.0,-9.034962113624834
2025-04-01,LRCX,13.214511243057014,24.155885315202184,28.693152951095858,5.72748124455568,0.2950044444203153,0.25706233441387943,-5.7665130317673725,-1.3541485692456945,-7.8226514396830815,-19.860435270698574,34.45583383642408,2.0,2.0,9.178537470424846,-10031957.0,-14.334756302833362
2025-04-01,META,21.941112807816054,59.496649444984406,24.460877436904077,,0.42176035404040096,0.3620768262806913,-5.076754672231775,-0.6643902097100973,-9.989794206925195,7.4929719933924055,0.11187408597685966,0.0,0.0,-7.976631248524899,0.0,-17.293504983789987
2025-04-01,MPWR,21.19784390732491,318.0647395489665,15.74789934974122,12.485324823592885,0.24437406551583526,0.2951085134339178,-6.692828247786842,-2.2804637852651632,-8.063984056451655,5.074223327541438,47.78900091310157,0.0,0.0,1.9224152490951483,-41499332.0,-12.604047976440768
2025-04-01,MRVL,4.713401238266424,-5.1853439040068565,,9.371998996783235,-0.12489379779099405,0.12379675064588282,-46.05367069315671,-41.64130623063503,-31.81536467233159,-15.63559153362637,83.50759533145968,1.0,1.0,8.994746025194633,-18584413.0,-21.116790316666933
2025-04-01,MSFT,15.035833080678263,12.368398735174036,30.49690928985571,10.74819711184276,0.4496184139158601,0.47968693898442333,-9.331531797363324,-4.919167334841646,-5.29745029348928,-4.791038291588867,32.01878325755205,1.0,1.0,11.700108906659127,-17383886.0,-6.036263883798821
2025-04-01,MU,71.05176933158583,-224.0244226174675,21.118032960732396,3.1582458883859803,0.1975545126584299,0.3041215720077898,-12.839264719896082,-8.426900257374403,-6.903970501692558,15.5047024573296,42.021014013404326,-1.0,0.0,19.97330547923547,-8076556.0,-24.76610315982758
2025-04-01,NBIS,,,,,,,-28.059607243425333,-23.647242780903653,-30.183754444825528,0.10208163470513121,142.39752624705838,0.0,0.0,49.414121219201135,0.0,-8.682244047311327
2025-04-01,NFLX,15.6499199944774,61.08814920145933,46.816942731479294,10.182340753625102,0.26711169154117875,0.18874824792801287,5.594921222914229,10.007285685435907,-4.35065830235184,-3.229260517765453,7.185176518492753,6.0,7.0,3.5498342518291714,0.0,6.412248318645353
2025-04-01,NOW,22.438970014491133,-17.67764298093587,118.6491202192697,15.256426262303329,0.12418062636562273,0.34896212672978877,-23.012856305893735,-18.60049184337206,-13.797042899422717,5.6026755367841075,34.7893656146334,0.0,2.0,-4.425782088781225,0.0,-6.847305593845943
2025-04-01,NVDA,114.20340763599354,144.89247311827955,,20.631651284193214,0.6241752683969747,0.16752109243890664,-21.392796852609976,-16.980432390088296,-11.075262343444214,-12.455001415093648,53.30122809440303,1.0,2.0,11.863603271799489,-163578029.0,-12.019974229709051
2025-04-01,OKLO,,-720.2791407799242,,,,,-23.62711631645591,-19.21475185393423,-36.34837813493349,-24.672896493160003,96.40478762270462,0.0,0.0,102.984083857746,-19676430.0,-9.498451983028744
2025-04-01,ON,-14.185144795831818,-27.955710102489018,11.074380375465415,2.400745277281277,0.24959405842734705,0.22657893622128406,-35.91582806265979,-31.503463600138115,-16.959647627760212,-8.412607502893021,65.07462373278747,-1.0,-1.0,11.863603271799489,-4098652.0,-13.582087017038692
2025-04-01,ORCL,6.23309845743667,12.510409919496613,32.756246647364655,7.01172641919436,0.3093057024541527,0.46942616926303715,-12.183623343467985,-7.7712588809463075,-12.852127972016492,-9.827933956496604,25.808749556876798,0.0,0.0,-2.397730218635062,-704507501.0,-13.15965152101165
2025-04-01,PANW,13.857374392220411,-44.895897390845995,95.703909250611,13.200294310448085,0.10991190712327169,0.5672014468234059,-2.3930243745056923,2.019340088015986,-8.234521043040733,-7.85012652397199,20.065503156618103,-4.0,-3.0,93.52660450188775,-660358874.0,-6.57287646214848
2025-04-01,PLTR,28.78613688375613,112.62334675100631,445.6842121325041,69.11487611572528,0.10832393709036481,0.16378009196976312,20.98871680207688,25.401081264598556,-7.497022954298949,-4.627168903396139,-10.498968574545287,2.0,4.0,1.2394074629457177,-1067826710.0,7.227211531089206
2025-04-01,QBTS,0.7878511075588124,73.94547542767333,,224.10120691963866,-8.748498923756655,,-22.303665674346096,-17.891301211824416,10.858783079913481,-9.755124570572981,1.0781660765967649,0.0,0.0,1737.0954340291846,-174047779.0,-15.902968908932325
2025-04-01,QCOM,12.134905764355786,35.94796496651212,15.952434989063333,4.049274905013363,0.26287595832514254,0.3117751130332219,-4.139513222044711,0.27285124047696785,-6.107481457872222,-13.544898376501868,36.35288913968182,0.0,1.0,14.605052697251896,-11331661.0,-11.048672319407327
2025-04-01,RDDT,,,,,-0.43113816667371685,0.17079460546606112,-36.136259067875045,-31.723894605353365,-32.41940199760916,2.518018426920432,43.984135447976705,-1.0,-2.0,70.45521859319005,0.0,-14.447979177611604
2025-04-01,RGTI,-10.143237841439046,167.60222083161355,,205.23642690318053,-6.349397590361446,-4.159830398517146,-57.53126589457247,-53.11890143205079,-26.354798909764,-60.537582230747766,57.49039808088001,0.0,0.0,134.99439512756157,-17010198.0,3.8412255582032317
2025-04-01,SAP,,,,,,,8.348372442550978,12.760736905072656,-2.3253407703748397,-1.9330097303061233,1.0734622310033526,0.0,-1.0,1.157340492009755,,-7.324119646513161
2025-04-01,SHOP,,,,,,,-8.55965489242968,-4.147290429908002,-10.786403160977898,18.270336234183905,16.755428833079257,1.0,0.0,3.4921484551344024,0.0,-16.38672685376551
2025-04-01,SMCI,125.01273945170696,97.25128280751196,,0.9991179387698441,0.07418983775741572,0.041229117968202784,1.9488020597145495,6.361166522236228,-10.483061738176202,-25.66204004163598,106.7047120600051,0.0,0.0,-3.2005715869874374,-9094401.0,-15.805988955117932
2025-04-01,SNOW,29.214687818124354,54.1940707836531,,,-0.4015033107250284,0.2375303193583933,-5.854950431989736,-1.4425859694680576,-12.41202936024559,-34.05298842961351,32.78559347506751,3.0,2.0,19.073408655815122,0.0,-8.385712083147245
2025-04-01,TSM,,,,,,,-19.92381963220441,-15.51145516968273,-11.299190664277392,-23.728689384054015,39.90207758044857,0.0,0.0,,0.0,-12.322101865943146
2025-04-01,TXN,-10.719789942348312,-25.895614576899316,32.845150874211235,,0.349402212134774,0.39453999104916565,-6.7133788442724,-2.301014381750721,-4.240806157695243,-2.221179753228253,21.464215670353394,0.0,0.0,5.611266330392255,-130062078.0,-18.192033793353414
2025-04-01,UBER,12.537217349320029,116.04823747680891,36.13366230879681,3.6672502673561334,0.06390179954713383,0.033988797521153614,10.34013027983789,14.752494742359568,-0.588111312619044,-32.32338932945428,20.87761886668853,-2.0,-2.0,1.8605552344706418,-7457465.0,-0.09590313313183607
2025-04-01,VRT,16.735633523720715,7.735767057800946,58.71986150741577,3.571513558078285,0.17067325694600463,0.013480116827679174,-42.35907530727994,-37.94671084475826,-25.320283095460994,-3.43750478068644,81.03892080536184,-1.0,-1.0,-2.3582315421392903,-293578539.0,-10.229823546691808
2025-04-01,WDAY,7.255655048904819,6.796813902968868,42.257657437711146,,0.035680854408756166,0.3961942733898404,-6.067764474888149,-1.6554000123664703,-8.34182155672144,-12.896263774683492,31.661499975657836,0.0,1.0,-3.3685392426853205,-58283914.0,-8.711036021880847
2025-04-01,ZS,27.771763558898186,-88.80163262951424,,12.845389402491469,-0.04160741625253311,0.3360423365885965,9.336603587599468,13.748968050121146,-0.4941844596428213,5.222502845759824,15.62426310097993,2.0,2.0,64.93832301141782,-47065841.0,-3.6653951894937142
2025-05-01,AAPL,2.6066485872659584,-4.719907246836385,33.68234785776289,8.064546547239082,0.3175535678188801,0.3810415403274712,-8.432151813419575,-0.8173410213264454,-1.422926058204932,-19.030619606814913,8.402307791908292,2.0,7.0,17.567878148903667,-113510296.0,-5.140170249362541
2025-05-01,ABNB,13.26005848542906,-47.03672787979967,,,0.22168803418803418,0.5787920227920228,-6.456969687761704,1.1578411043314252,-1.2740972891965296,-8.777307874156559,16.759213736013212,4.0,5.0,-0.9550631850492248,0.0,2.8304124234914907
2025-05-01,ADBE,10.538723916532899,40.616538221203925,24.74438605566793,7.395019835913393,0.36288968552888323,0.3230022235331488,-13.957278333843949,-6.342467541750818,-4.544742412746272,-15.050944910060482,36.879497099297296,1.0,2.0,9.883307747808306,-1018422.0,10.517041716615584
2025-05-01,ADI,-19.28481832696798,-44.461814483250414,60.80104840068391,10.108342961734802,0.20756312069436914,0.484958223325905,-6.3739822506617365,1.2408285414313935,-4.554464505245736,-12.265422374497593,26.81245375299197,0.0,0.0,19.149520663118114,-23596632.0,14.700106109872868
2025-05-01,AMAT,4.342080422880867,-11.38586197261805,19.27528331482333,4.364716497165548,0.29220191785778904,0.2959290754478017,-18.324356651407747,-10.709545859314618,-0.5203775652378284,-15.194049297682543,39.8260726835965,1.0,1.0,4.487661278655503,6753100.0,8.908436555838882
2025-05-01,AMD,13.092105263157894,47.043010752688176,96.6500015258789,6.079748011439813,0.0736862516967229,0.11246848943184022,-12.263981197449226,-4.649170405356095,-2.276604585562214,-19.958141699014732,51.57785585836054,-4.0,1.0,7.7919222018552095,-43991442.0,15.944123941465937
2025-05-01,AMZN,7.993194975793072,57.22322471075258,34.394212829700216,3.158178766461057,0.1075194487420038,0.1816370644508503,-20.361765485901028,-12.746954693807899,-1.60087585365708,-2.802091943286711,29.454377588252534,-1.0,-1.0,16.545370087375055,-43342774.0,5.741324050555541
2025-05-01,ANET,19.50418486295955,36.63705774052002,,15.82082880192087,0.42047045713455067,0.1942128580497965,-23.796305286719832,-16.1814944946267,8.750822172444717,-8.192175557977667,17.134140812363796,2.0,2.0,12659.454045039,-45670839.0,5.225414570407061
2025-05-01,ARM,23.793565683646122,195.23809523809524,149.8701318517908,32.926800651942706,0.11992420140768814,,-31.092135496077834,-23.477324703984703,0.8339344131848003,-24.41122044173377,35.40803076174595,0.0,0.0,-3.953204956133335,0.0,13.04159031487384
2025-05-01,ASML,,,,,,,-9.325985551603821,-1.7111747595106919,-2.747084513275222,-18.40907949774635,36.88897626185679,0.0,0.0,544.1727081535423,,10.566659066696582
2025-05-01,AVGO,40.303615077833534,-13.410126364652285,,16.852201733820642,0.32349758843917914,0.3383520695409782,-14.450602155178716,-6.835791363085586,6.793009462402244,-31.496707324292228,18.709760028981883,0.0,0.0,10.740619713918383,-171529197.0,16.419208143657027
2025-05-01,BKNG,12.735782822373043,26.812776871065513,31.485339636308858,,0.3249190401062858,0.438885659719339,6.949595993176549,14.564406785269679,8.978173367941888,-10.826089798052418,4.318802879203321,1.0,1.0,62203.287030073334,-6611738.0,3.761303172102215
2025-05-01,CRM,6.690191353243247,43.49613152804641,43.85637484098736,6.962112533847112,0.1884159294415015,0.336793137755788,-18.456762765172417,-10.84195197307929,-1.4613203500614347,-17.93216586235038,33.74309251484835,0.0,-1.0,-0.04042016265785477,0.0,4.80822790916513
2025-05-01,CRWD,26.913866711612133,-108.72881823701496,,,-0.025192609548977635,0.19648636654208967,2.7038583751013867,10.318669167194516,15.575660207184615,-29.136980590170015,-7.469889066181401,0.0,1.0,6.20059145770742,0.0,0.662217588040126
2025-05-01,CSCO,-5.341324061293307,-31.654515697068884,24.71641473895077,4.154986441311439,0.18975191966922622,0.2477296219728293,-6.041377495316946,1.5734332967761833,-2.400904190081987,-18.27466350435383,12.454658650494132,1.0,-1.0,10.304805405552365,-25756723.0,8.740539598807207
2025-05-01,DELL,4.850459702016541,67.10329341317365,14.53752303046812,0.6585398903560868,0.06371446210511997,0.050111440141471425,-12.632483476285039,-5.0176726841919095,-1.1011393334664388,-30.27353154022784,47.99657987009609,0.0,0.0,68.3134727756684,0.0,21.729213907386736
2025-05-01,FTNT,12.271904690091983,52.0473950165534,46.11061906392596,13.420374978641076,0.30279727324624733,0.37272910440243123,-0.48701502128100094,7.127795770812129,4.572027392244049,-25.95838477427751,3.0412736668252727,-1.0,-3.0,17.180891808961498,-87156542.0,-1.314655751480731
2025-05-01,GOOGL,13.06538507477699,34.69407567410141,17.929317270006454,5.428384375031424,0.32671602082771545,0.3158434640949868,-15.717236074717334,-8.102425282624203,-0.5254121051412319,-5.4333176429680385,23.0499580227989,0.0,1.0,-4.678633521852983,-32860937.0,4.5009275616654465
2025-05-01,HPE,11.19974359887468,48.35164835164836,7.672313543466421,0.6712238730024368,0.06718760007685903,-0.039422276308204704,-22.553830375308472,-14.939019583215341,0.9326094829188447,-22.98077927577844,26.220935565292148,-1.0,-5.0,208.7773749803665,-18387399.0,6.886058284620988
2025-05-01,HPQ,1.5129533678756468,-20.011771630370813,8.58911747555081,0.4188067582319227,0.06919336278258287,0.0396451241694198,-21.322079985932163,-13.707269193839034,-7.777865423284314,-26.6797245579632,37.854996297839435,0.0,1.0,0.4289816513120591,-12446615.0,12.682165789480404
2025-05-01,INTC,-3.9701649256838722,-585.4648303000492,,1.6309742481314249,-0.2056783048035593,0.06967800316718196,3.095977334634692,10.710788126727822,-8.574254512500534,-20.53381587310412,22.831167312027677,1.0,0.0,31.00995019682217,-398802.0,3.5535585990399854
2025-05-01,INTU,13.733934013515302,9.638989169675094,57.517198223934,10.04755998115764,0.2224034484767286,0.04298945651540747,5.77405054527298,13.388861337366109,4.487039294331807,-24.313129075748087,17.929421029258386,3.0,3.0,12.988451143693373,-178019295.0,5.903491039762798
2025-05-01,IONQ,95.41330187823247,110.20783287169378,,141.06626571954595,-5.396768277110951,-1.0165851229308382,-33.656411783208725,-26.041600991115597,10.36584077685383,-27.75002557915469,-51.60701093451379,0.0,0.0,271.0161547572794,-75022059.0,22.49818094803868
2025-05-01,KLAC,20.33105908966981,41.570421634080134,24.385781841479282,7.801958200727597,0.05470636067599433,0.3250449604317033,-11.02392344497608,-3.4091126528829507,-1.487074938096744,-7.6216456258326515,17.025774445434582,0.0,0.0,-3.2265508964880896,-14563158.0,15.452273402370187
2025-05-01,LRCX,20.325408029247093,29.040890829902377,25.287186243725568,5.327638197620679,0.30850204295650513,0.24316163239271452,-13.139579834961435,-5.524769042868305,-1.9666143538289438,-3.920179214983699,27.49185218859409,1.0,0.0,9.178537470424846,-9906598.0,15.418898576581142
2025-05-01,META,19.37328325578789,45.624808776607374,22.279213554137755,,0.42919112467715426,0.41879549189950693,-19.560782431297252,-11.945971639204123,-2.231111820175846,-0.05128385451181883,3.5644590515768737,0.0,0.0,-7.976631248524899,0.0,11.060599131717064
2025-05-01,MPWR,21.19784390732491,318.0647395489665,16.293609360587762,12.917977242406918,0.24437406551583526,0.2951085134339178,-8.722529474956664,-1.1077186828635344,3.8613023889064513,-22.066080622636687,38.575980182636286,0.0,-1.0,1.9224152490951483,-29341442.0,12.79690085806877
2025-05-01,MRVL,4.713401238266424,-5.1853439040068565,,9.12513743360838,-0.12489379779099405,0.12379675064588282,-48.82652546934837,-41.21171467725524,-10.013158665198462,-17.44664459735674,79.12774817190879,1.0,1.0,8.994746025194633,-7688533.0,-1.3781782408622156
2025-05-01,MSFT,14.128597031075651,12.130283937294761,32.57970728804138,11.598141711982311,0.4523165808673753,0.48409318173400984,2.509007047088385,10.123817839181514,10.068089848349103,0.03933720705830979,17.107656920060332,0.0,0.0,11.700108906659127,-15933665.0,6.582255023724071
2025-05-01,MU,71.05176933158583,-224.0244226174675,18.513687243040533,2.7687605527900887,0.1975545126584299,0.3041215720077898,-17.631430824926543,-10.016620032833412,-9.056946115055242,-16.84633476456594,57.51125999998814,-1.0,0.0,19.97330547923547,-6986256.0,23.235184281621855
2025-05-01,NBIS,,,,,,,-30.752533240588154,-23.137722448495023,-8.63962091871402,-58.201220752770766,88.08778029256376,0.0,0.0,49.414121219201135,0.0,62.67502365750155
2025-05-01,NFLX,15.003600972099296,44.050648018462546,53.56663521836972,12.010435395563151,0.2771012468048763,0.19759481210007823,11.597155833131323,19.211966625224452,16.937761294374255,19.63650126507335,-7.072703365006239,1.0,-3.0,3.5498342518291714,-112096273.0,5.3958175407081255
2025-05-01,NOW,27.845279233084376,-11.149624494511844,129.9796447339828,17.287952677661636,0.12930508326793966,0.4170372307960589,-6.386204969387732,1.2286058227053975,12.918847235237596,19.136931074287954,8.503185956211379,0.0,1.0,-4.425782088781225,0.0,5.930372007357088
2025-05-01,NVDA,114.20340763599354,144.89247311827955,,20.905114760511005,0.6241752683969747,0.16752109243890664,-13.25750855224297,-5.64269776014984,-1.1881900463820427,-17.33485624732989,45.00156143095526,0.0,0.0,11.863603271799489,-163578029.0,18.08978255290612
2025-05-01,OKLO,,-720.2791407799242,,,,,-44.91205948372033,-37.297248691627196,0.4758358986325373,-35.08515740976071,76.35880251561238,0.0,0.0,102.984083857746,-19676430.0,39.90878799119937
2025-05-01,ON,-13.164541441883271,-27.667784464146262,10.909090488738594,2.364913122209116,0.24959405842734705,0.22657893622128406,-24.485126790312616,-16.87031599821949,-5.289898415144645,-19.159721799785068,59.090915221047254,-1.0,0.0,11.863603271799489,-3989587.0,10.25252911548533
2025-05-01,ORCL,6.23309845743667,12.510409919496613,33.69610925235659,7.212911235293091,0.3093057024541527,0.46942616926303715,-15.28133221496516,-7.66652142287203,-0.3546602020151668,-17.86656659980589,20.04661804664847,-1.0,-1.0,-2.397730218635062,-704799121.0,8.034893407769816
2025-05-01,PANW,13.857374392220411,-44.895897390845995,104.06145490081614,14.353037841611714,0.10991190712327169,0.5672014468234059,-0.587068833533666,7.027741958559464,4.811531291539484,-19.28663305894619,9.73180394544877,1.0,6.0,93.52660450188775,-888552715.0,-2.6896492461001675
2025-05-01,PLTR,28.78613688375613,112.62334675100631,611.5789313065378,94.84114743483931,0.10832393709036481,0.16378009196976312,4.4212780579762745,12.036088850069405,27.494478451149142,-12.695871675506353,-35.22963866491274,2.0,4.0,1.2394074629457177,-1070263400.0,3.769367468024498
2025-05-01,QBTS,0.7878511075588124,73.94547542767333,,210.8121849716679,-8.748498923756655,,16.527550680866177,24.142361472959305,-1.468096797964702,-57.57607508726659,7.4498564399078315,0.0,0.0,1737.0954340291846,-174047779.0,120.05730107026716
2025-05-01,QCOM,16.151183870790533,31.659909372764126,13.431461879185267,3.4240921122266754,0.2714373551530057,0.3000520266754954,-19.714697719074582,-12.099886926981451,-9.800936622522583,1.8072455754744698,52.702693616822984,0.0,0.0,14.605052697251896,-11778265.0,11.907397227624884
2025-05-01,RDDT,,,,,-0.43113816667371685,0.17079460546606112,-45.13417212627717,-37.51936133418404,-2.6844314810937075,-22.618906341220203,17.45242701837335,0.0,0.0,70.45521859319005,0.0,-19.311391754024054
2025-05-01,RGTI,-10.143237841439046,167.60222083161355,,240.18707120371573,-6.349397590361446,-4.159830398517146,-31.22648329903861,-23.61167250694548,2.274893319804039,-59.372022554634654,34.57329910261755,0.0,0.0,134.99439512756157,-17010198.0,19.912468560833506
2025-05-01,SAP,,,,,,,2.012496790851803,9.627307582944933,6.9694324030674215,26.143838173569712,-1.9358521147515018,0.0,0.0,1.157340492009755,,4.214886589344191
2025-05-01,SHOP,,,,,,,-18.19025076889086,-10.575439976797728,0.010517889277616987,-19.04195603978993,12.520613953510317,0.0,-2.0,3.4921484551344024,0.0,5.473659871831527
2025-05-01,SMCI,125.01273945170696,97.25128280751196,,0.9329851751893952,0.07418983775741572,0.041229117968202784,-3.280143632820509,4.3346671592726205,-13.702185855377436,-39.10516882074292,127.7013984387441,0.0,0.0,-3.2005715869874374,-9094401.0,27.253290890309323
2025-05-01,SNOW,29.214687818124354,54.1940707836531,,,-0.4015033107250284,0.2375303193583933,-11.273270943439728,-3.6584601513465986,6.30433063454825,-32.53413414215102,17.581296392581724,1.0,-3.0,19.073408655815122,0.0,8.32123515726122
2025-05-01,TSM,,,,,,,-17.628050362292534,-10.013239570199406,2.1056951395690193,-8.954836259660937,30.72214641013793,0.0,0.0,,0.0,11.023620917824072
2025-05-01,TXN,-4.4759240521397565,-16.99846860643185,29.007194981430516,,0.34288740731509754,0.32213845099383137,-12.914563826325088,-5.299753034231958,-8.211081768329432,10.144343408568979,21.216121024281254,0.0,0.0,5.611266330392255,-127976207.0,17.16161078976728
2025-05-01,UBER,12.537217349320029,116.04823747680891,40.044554153291315,4.064171538157731,0.06390179954713383,0.033988797521153614,15.573656034530782,23.18846682662391,9.137664699825132,-15.525360498493368,9.916881415207989,-1.0,0.0,1.8605552344706418,-7457465.0,9.617998316232512
2025-05-01,VRT,20.447774021658162,64.90099009900989,53.73052996258403,4.187424526926845,0.1730945330431577,0.04169491122290009,-22.558131506250277,-14.94332071415715,13.22136831366587,4.2975939924710715,33.40225922525075,0.0,1.0,-2.3582315421392903,-293578539.0,11.950293633805131
2025-05-01,WDAY,7.255655048904819,6.796813902968868,44.43423434420748,,0.035680854408756166,0.3961942733898404,-11.23389456881152,-3.6190837767183903,2.0103411277844874,-36.19406689907771,22.24333359075934,-1.0,-1.0,-3.3685392426853205,-59129670.0,8.892586626776811
2025-05-01,ZS,27.771763558898186,-88.80163262951424,,14.50576406289108,-0.04160741625253311,0.3360423365885965,11.178574307719202,18.793385099812333,12.772562455510261,-0.9840177897348146,3.4601731668060465,3.0,3.0,64.93832301141782,-48865101.0,9.539330527174839
2025-06-01,AAPL,4.911391608996318,-3.083007102371771,31.16142296716803,7.464931120578534,0.31811892118711377,0.37665785805987523,-15.876782435907888,-18.523517912515697,-2.1229799807587657,-12.212871218584787,14.606750144300108,0.0,5.0,-0.646767620113944,-68034518.0,-0.09915408012394211
2025-06-01,ABNB,9.676789376037487,-48.61307957076332,,,0.22168803418803418,0.5787920227920228,-4.010714647018299,-6.657450123626107,4.515726821416699,-1.0891662215859133,9.922480620155039,0.0,-2.0,22.4084888641536,-1218426.0,0.7020550041578533
2025-06-01,ADBE,10.538723916532899,40.616538221203925,27.4167765084472,8.19368100952863,0.36288968552888323,0.3230022235331488,-7.634623503465554,-10.281358980073364,8.84209153658604,-27.228372183437198,21.26233600609888,1.0,2.0,-3.6394855571738467,-1194250.0,-5.7709467356290345
2025-06-01,ADI,-6.173752155097856,-14.437740665608311,57.42859553769639,10.623220039472557,0.22711540153764426,0.46119947577346637,-5.25988989040761,-7.906625367015419,7.039345445173173,19.130972799824562,15.315903704718048,0.0,0.0,-1.6741479327087283,-24826997.0,7.696281531743443
2025-06-01,AMAT,5.992226708426096,-7.488021902806297,18.930473234821704,4.531586913454082,0.29662857346292143,0.29114600021360676,0.9736202112830661,-1.6731152653247428,3.7052934317312713,4.984710994594499,26.477368826003712,1.0,1.0,-4.687336484877653,6753100.0,9.340613910176021
2025-06-01,AMD,21.71052631578947,99.55197132616487,80.82481996856467,6.448276952245214,0.09621621621621622,0.10598198198198198,10.387803859982391,7.741068383374583,8.935401819956091,-15.189045783459875,27.618979243127974,0.0,7.0,24.455387997963523,-27779719.0,13.041965398102583
2025-06-01,AMZN,10.084470325354644,74.99203906167074,33.38924991968012,3.345729013107611,0.11024076098740145,0.17515104265176923,2.8908378955261993,0.24410241891839046,6.838472544829721,-27.4715024349635,18.855993949378757,-1.0,-1.0,7.422385330133324,-50144885.0,0.8807197570644076
2025-06-01,ANET,22.308197226041095,32.318508743565765,,14.640055019037296,0.42267794892592986,0.23493701130036795,3.9347393897326333,1.2880039131248244,4.923559849584036,-21.499318022147087,20.053908835530756,2.0,2.0,10.2842585414539,-60098249.0,2.4170173740809986
2025-06-01,ARM,22.090188909201714,106.78851174934726,166.05333455403647,32.85220388512912,0.2073870726229099,,-0.8044620562964844,-3.451197532904293,8.15946570459396,-13.912871076288747,19.151520199904716,0.0,0.0,3.546232464767454,0.0,18.464163634549013
2025-06-01,ASML,,,,,,,0.9330258461221153,-1.7137096304856936,6.474237232771318,-26.670247311429662,23.87395356376645,0.0,0.0,18.259545486505655,,4.445887744836807
2025-06-01,AVGO,40.303615077833534,-13.410126364652285,,20.67305015313938,0.32349758843917914,0.3383520695409782,24.539661973711002,21.892926497103193,23.59957033903328,-37.463010097768446,0.20264030223979823,0.0,0.0,-0.8733150870414548,-171713349.0,2.274658884175973
2025-06-01,BKNG,9.47186619398237,13.336111689935404,34.06209283892119,,0.3249190401062858,0.438885659719339,18.09290546293134,15.446169986323532,12.535612000565187,-32.78304053102439,-3.5727794343919816,1.0,1.0,-6.127727512793438,-11044070.0,-3.5437046400045413
2025-06-01,CRM,5.561928209719391,10.23765996343693,42.37519294984879,6.761207935031663,0.19419045347327132,0.41340012191566616,-6.04584179490717,-8.692577271514978,-1.5111976527010795,37.87208569847529,33.218538898540274,-1.0,-1.0,-3.123144437008986,0.0,0.8438670417501015
2025-06-01,CRWD,26.913866711612133,-108.72881823701496,,,-0.025192609548977635,0.19648636654208967,41.34032837097077,38.69359289436296,16.85634841874075,-19.43252707064802,-12.898268276631352,0.0,1.0,4114.59363359948,0.0,2.637891307187501
2025-06-01,CSCO,0.46781301929050834,-19.181247936612746,25.057944472955196,4.370713145220706,0.2029915682361613,0.24128507991298564,-0.7493229433073179,-3.3960584199151267,5.998055557218618,-23.689785581853474,7.9345790912803915,1.0,-1.0,3.2129699909141207,-8540199.0,5.528572106033991
2025-06-01,DELL,4.850459702016541,67.10329341317365,17.5920652039948,0.7969085700704005,0.06371446210511997,0.050111440141471425,22.439962587384876,19.793227110777067,16.40186581910068,-6.660617835219506,28.21305582379392,0.0,0.0,36.73593208063603,0.0,9.196890661713141
2025-06-01,FTNT,13.832981207605922,56.686676671669176,41.88477316020448,12.74611296620676,0.3151965093940282,0.4505388948585197,0.4936808906263579,-2.153054585981451,1.8882038465627637,0.8212982351930354,3.638003424839842,0.0,0.0,2.6254714811313873,-87662477.0,0.6636091510442865
2025-06-01,GOOGL,13.06538507477699,34.69407567410141,19.089777129037042,5.77973195128024,0.32671602082771545,0.3158434640949868,-1.1056045120881208,-3.7523399886959297,7.351059429439855,14.518694295356172,15.759414771276603,0.0,1.0,8.931300344942226,-32542817.0,-2.153465689799239
2025-06-01,HPE,11.19974359887468,48.35164835164836,8.079073062309853,0.7068098403996113,0.06718760007685903,-0.039422276308204704,10.180449848095785,7.533714371487976,7.358537544420707,-30.859009411226378,25.391792194018613,0.0,-3.0,4.692346707703865,-18880764.0,3.4618806183707163
2025-06-01,HPQ,2.5225633473056064,-14.358625382783263,9.041286895634125,0.4062534705188078,0.06316991417731777,0.03933846550517515,-17.63588647732893,-20.28262195393674,-5.28357983024077,21.6662188349138,30.069694676461832,0.0,0.0,-1.121937633058413,-12093188.0,-2.916761791178546
2025-06-01,INTC,-3.9701649256838722,-585.4648303000492,,1.5958731750334094,-0.2056783048035593,0.06967800316718196,-5.281008647386676,-7.927744123994485,-7.053479491117098,-30.198400563367223,25.532826723305014,1.0,0.0,71.71598792794745,0.0,7.345495338155805
2025-06-01,INTU,14.993992284828938,12.890625,60.49533750952744,11.468618522513138,0.24378574571051473,0.04058512978442587,23.8145882935062,21.167852816898392,19.558155413094312,29.047009622541474,7.959108048934604,2.0,1.0,0.11674664647923443,-305649035.0,-0.31895500326072357
2025-06-01,IONQ,69.92383282686767,90.74077341567417,,227.7306860410473,-5.928374015839468,-1.7564855888705668,96.30171119343598,93.65497571682818,36.89611647674149,55.62000799170299,-67.15418951442422,0.0,0.0,84.73403867813168,-75022059.0,1.4049783069062682
2025-06-01,KLAC,20.33105908966981,41.570421634080134,27.35660534938841,8.752439960185505,0.05470636067599433,0.3250449604317033,6.665668225180443,4.0189327485726345,7.656774534621613,-11.080655721704613,5.181543196299754,0.0,0.0,4.63384917309884,-13240167.0,12.307841978887456
2025-06-01,LRCX,20.325408029247093,29.040890829902377,28.481131677688566,6.000555521481479,0.30850204295650513,0.24316163239271452,2.2528881527940747,-0.3938473238137341,9.00775395814275,-22.659617062751337,13.776189867659582,0.0,-2.0,-3.262872230395035,-9906598.0,11.34573512985857
2025-06-01,META,19.37328325578789,45.624808776607374,25.210261102576478,,0.42919112467715426,0.41879549189950693,3.5811750427311884,0.9344395661233795,11.116851511140858,-39.694676775124506,-8.476366411253567,0.0,0.0,14.622158180581678,0.0,4.198473596217944
2025-06-01,MPWR,30.574946441037,345.7186190147594,17.49553136044612,13.157067975515652,0.25667754189869235,0.3480286529613884,11.209205877379569,8.56247040077176,9.468617433481285,-42.78707215650863,22.705315807816852,0.0,0.0,2.5019071578077803,-33224087.0,3.5832898633133103
2025-06-01,MRVL,21.59756120368812,-49.852055912661974,,7.993475419995323,-0.045741882892166665,0.16312656689788824,-14.937341271493398,-17.584076748101207,0.4006465990893382,20.855830661850348,58.85471146836117,-1.0,-1.0,38.02252737068385,-8100094.0,15.145593203681607
2025-06-01,MSFT,14.128597031075651,12.130283937294761,35.32188515836475,12.57433733149134,0.4523165808673753,0.48409318173400984,17.262504364374664,14.615768887766855,12.686703484053652,-16.944660128698143,11.914961754346942,0.0,0.0,1.3610961795980048,-61063249.0,5.201627367170469
2025-06-01,MU,71.05176933158583,-224.0244226174675,22.486859232827413,3.362956713196099,0.1975545126584299,0.3041215720077898,1.7459014421532082,-0.9008340344546006,12.194299076000936,-32.14163794001846,29.13048599592516,-1.0,0.0,26.492841409338883,-7178576.0,24.343046032060744
2025-06-01,NBIS,,,,,,,31.296892820702894,28.650157344095085,33.59847068190096,22.010685600315117,42.40362811791385,0.0,0.0,210.13135560921825,0.0,31.815655021743883
2025-06-01,NFLX,15.003600972099296,44.050648018462546,57.05245726500658,12.792008483379659,0.2771012468048763,0.19759481210007823,35.47485662832492,32.82812115171711,14.159102702031134,-41.012019941759284,-11.294551024353815,0.0,-4.0,1.206348805524922,-164684778.0,2.835151994236873
2025-06-01,NOW,21.006541464443984,-20.22821576763485,137.18996086793484,18.246961331438587,0.12930508326793966,0.4170372307960589,18.863662170212535,16.216926693604726,12.390988519888957,-28.90082522891625,5.153204580484094,1.0,2.0,1.1462168861691793,-4495678.0,-3.1330563530873934
2025-06-01,NVDA,86.16967934414721,80.22911873796892,,22.23983082942271,0.5802915530417803,0.31916641416691915,19.92406267277207,17.27732719616426,16.289286786071578,-12.176651259255266,24.49894481667696,0.0,-1.0,6.747744199310975,-170410457.0,4.94978386641538
2025-06-01,OKLO,,-924.3279113555882,,,,,100.6851933842376,98.03845790762979,80.32316277969022,93.69608945123346,-0.10116569196041425,0.0,0.0,72.23770174563566,-19676430.0,5.091537096804344
2025-06-01,ON,-18.277341834232463,-70.80711102944555,29.180555873446995,2.634353465255002,0.10034056981681244,0.2983361589125771,-7.4449360231597534,-10.091671499767562,4.542447609122635,-23.542290440534607,36.411231260254496,-1.0,0.0,6.747744199310975,-3883087.0,24.988239362115205
2025-06-01,ORCL,6.23309845743667,12.510409919496613,38.33746037013094,8.206428123952676,0.3093057024541527,0.46942616926303715,7.066660197894414,4.4199247212866055,13.579817191457089,-17.708597291409866,5.513091321702812,-1.0,-1.0,10.087989460232588,-707874334.0,24.296081827017456
2025-06-01,PANW,13.905253295342245,-49.42801111292695,109.01982899090382,14.437950215860894,0.11088825537764657,0.5477593608798044,6.350525594589307,3.703790117981498,7.162905696564459,34.14513134764823,7.234936793558089,1.0,5.0,16.938173831043244,-800366410.0,4.341582001112743
2025-06-01,PLTR,33.45351911862233,86.43757166705323,572.9565164317256,99.82471636159208,0.1301980337872196,0.21274153907000395,55.19961499907811,52.5528795224703,24.676198544110584,-22.376783993693007,-38.37416370613296,1.0,0.0,18.879177417439585,-821783933.0,5.9678925200612465
2025-06-01,QBTS,121.60788381742739,75.00629814768163,,222.71068617524,-3.323409633478444,-2.550250432991621,215.2509742252938,212.604238748686,71.68149070708498,88.32011081538617,-33.659930288139684,0.0,0.0,1034.808080611132,-204089163.0,-12.682647297250293
2025-06-01,QCOM,16.151183870790533,31.659909372764126,14.42384369519292,3.6770807131007825,0.2714373551530057,0.3000520266754954,-9.936746967746213,-12.583482444354022,-0.540050943914161,-7.13301493061228,35.97689806241977,0.0,0.0,0.12329164662510443,-10201335.0,5.067114456254296
2025-06-01,RDDT,,,22.515029754332886,,0.022482017490305966,0.21908205212047713,-16.144199091784273,-18.790934568392082,4.151600863486693,-3.0928544831466676,19.158880123026446,0.0,0.0,22.079931499008374,0.0,19.650342216894746
2025-06-01,RGTI,-28.37701220934754,89.71954885144638,,377.33621168783617,-7.9866449511400655,-6.303908794788273,29.518707621418038,26.87197214481023,22.32199395835117,52.39822901786426,-1.7341012603700245,0.0,0.0,89.74470952569726,-23552065.0,-11.990214025981949
2025-06-01,SAP,,,,,,,10.404017150259893,7.757281673652083,9.268235683920988,-25.421401128096132,-5.844902615516034,0.0,0.0,27.584954629947497,,-4.549340582302963
2025-06-01,SHOP,,,,,,,7.080799122905335,4.434063646297526,10.783691432697239,22.46155914072727,1.0840810550642788,0.0,-2.0,-0.3163855448632578,0.0,3.228836504454069
2025-06-01,SMCI,82.492305315536,9.719349088170537,,1.1072251087718032,0.060876497237794466,0.039795834160109636,4.654808318952575,2.008072842344766,10.201182868969138,-15.041415784450196,86.22355275912767,0.0,0.0,321.8761757107728,-31340257.0,-0.7524305037631684
2025-06-01,SNOW,27.49907939270799,51.03190282039427,,,-0.4048936899978931,0.2781157473082309,29.425456817848804,26.778721341240995,25.43545858424192,58.38302142892611,2.6995789870704057,0.0,-3.0,30.555613245489308,0.0,1.6843548440611533
2025-06-01,TSM,,,,,,,9.58397585519224,6.9372403785844305,12.046704707504396,-31.66945202807415,16.792511828419986,0.0,0.0,,0.0,8.339686967302029
2025-06-01,TXN,-4.4759240521397565,-16.99846860643185,33.514248241077766,,0.34288740731509754,0.32213845099383137,-3.2070383056625684,-5.853773782270377,8.203106570437345,-13.163945725595216,4.914770343389074,0.0,0.0,0.6566382025317496,-100732067.0,9.326310140334048
2025-06-01,UBER,12.861178055922661,185.3526220614828,38.605506267022655,4.042308243492962,0.07478416605437178,0.10013317413666421,10.344837244411021,7.6981017678032115,6.034228702065048,3.6453305369656075,10.911184744734136,-1.0,0.0,13.352935166523878,-10692429.0,1.9129584956920853
2025-06-01,VRT,20.447774021658162,64.90099009900989,62.65948983125909,4.883292324621601,0.1730945330431577,0.04169491122290009,26.97090244085274,24.32416696424493,23.56180290539993,-47.48838863708811,16.5133082233482,0.0,1.0,47.586917197117955,-5749235.0,6.7288466707884576
2025-06-01,WDAY,15.212109105937465,5.539102099927584,45.28519318352233,,0.03069238538572399,0.3044272158887571,-1.8503835797585189,-4.497119056366328,1.670667038720186,50.603290676416805,21.165040934811998,0.0,0.0,13.646863111985917,-59883514.0,-4.508576455679236
2025-06-01,ZS,34.3574915009591,-72.0361716857044,,16.854921415975664,-0.048362682423175825,0.31957073250412193,32.06553911745929,29.418803640851475,24.947491286950772,19.5154632114416,0.35752703483482584,2.0,2.0,18.765564260065613,-56999351.0,5.893989771125452
2025-07-01,AAPL,4.911391608996318,-3.083007102371771,32.242802890290356,7.723983046730618,0.31811892118711377,0.37665785805987523,20.68933060209559,-4.084264568466622,2.3860267266047286,-1.4596214892423465,10.670853820711223,-1.0,4.0,-0.646767620113944,-43037123.0,2.2423252819778083
2025-07-01,ABNB,9.676789376037487,-48.61307957076332,,,0.22168803418803418,0.5787920227920228,28.1199740128492,3.34637884228699,4.010806257499699,-17.728203006449796,4.718998718762091,-1.0,-4.0,22.4084888641536,-70286332.0,1.9644070527809143
2025-07-01,ADBE,10.631944784375147,35.24315810198857,25.150738043843212,7.407933392602149,0.36374496703685677,0.31494181673377286,15.323531206916364,-9.45006396364585,-0.2513924278425228,29.135831214889272,28.394484767181382,0.0,0.0,-3.6394855571738467,-860950.0,-6.228006388066065
2025-07-01,ADI,-6.173752155097856,-14.437740665608311,64.87773207367445,12.001171490049568,0.22711540153764426,0.46119947577346637,45.54496894083462,20.771373770272405,11.66222820592897,-21.46643900610966,3.078260027182078,1.0,1.0,-1.6741479327087283,-21967335.0,-0.0664902205011586
2025-07-01,AMAT,5.992226708426096,-7.488021902806297,22.192432932610064,5.312436588755482,0.29662857346292143,0.29114600021360676,42.898969387129405,18.12537421656719,12.299318824953875,-1.7057984708651275,8.591867584004476,1.0,-1.0,-4.687336484877653,6652727.0,4.816065317211482
2025-07-01,AMD,21.71052631578947,99.55197132616487,99.35036540901575,7.926261657164978,0.09621621621621622,0.10598198198198198,74.03145659590477,49.25786142534256,19.5150917667541,35.88280495947491,6.2197905572282775,3.0,10.0,24.455387997963523,-7984235.0,15.347879873611348
2025-07-01,AMZN,10.084470325354644,74.99203906167074,35.905538552747096,3.5978706426817126,0.11024076098740145,0.17515104265176923,29.180828538101466,4.407233367539254,8.705195042022385,6.4892100836668964,11.211907063030946,-1.0,-1.0,7.422385330133324,-785890692.0,4.009795912491265
2025-07-01,ANET,22.308197226041095,32.318508743565765,,16.713387647131857,0.42267794892592986,0.23493701130036795,42.31655203181206,17.54295686124985,9.409849154231797,10.46003205623418,6.171976538488555,1.0,0.0,10.2842585414539,-165223090.0,12.839951954331319
2025-07-01,ARM,22.090188909201714,106.78851174934726,208.44000244140625,41.23803642012099,0.2073870726229099,,82.16033836747137,57.38674319690915,19.23439285962203,-3.466540867467083,-3.9656924300083163,0.0,0.0,3.546232464767454,0.0,3.57576682173375
2025-07-01,ASML,,,,,,,33.18071676516523,8.407121594603018,7.2211729220140075,-7.127729223606671,15.45867773746743,-2.0,-2.0,18.259545486505655,,-8.955426936455101
2025-07-01,AVGO,33.851099274971254,25.73736980434147,,21.667002050103342,0.35942923254917086,0.32342320232794586,70.07186271336496,45.29826754280275,14.980422760233104,1.5736253066326533,1.8560542790968082,0.0,0.0,-0.8733150870414548,-368669111.0,8.865314274434223
2025-07-01,BKNG,9.47186619398237,13.336111689935404,35.430353562934,,0.3249190401062858,0.438885659719339,37.85823564882662,13.084640478264408,8.396138333898762,-1.7083156854440174,-5.300722396375102,1.0,1.0,-6.127727512793438,-16469767.0,-0.9349598134900217
2025-07-01,CRM,5.561928209719391,10.23765996343693,43.488375756048384,6.938822711472331,0.19419045347327132,0.41340012191566616,11.79519358136969,-12.978401589192522,0.542807264623768,25.585093898469857,29.570766190239638,-1.0,-1.0,-3.123144437008986,0.0,-3.541619129370266
2025-07-01,CRWD,35.36074461104448,-291.05481039907266,,,-0.06093342830381463,0.3102459319607101,51.38751980933838,26.613924638776165,8.529708196591578,-9.226533942724668,-8.48185692475779,-5.0,-5.0,4114.59363359948,0.0,-2.1318147003097865
2025-07-01,CSCO,0.46781301929050834,-19.181247936612746,27.466751410036668,4.790867486115021,0.2029915682361613,0.24128507991298564,29.91164245757394,5.138047287011727,10.100222007948778,21.030604127099583,-0.13900435801552646,2.0,0.0,3.2129699909141207,-11522072.0,-0.5051302682596126
2025-07-01,DELL,9.45094000067912,48.86892880904856,19.092342005582136,0.8455055927873031,0.06550087382757158,0.05529415414525186,68.77070508536633,43.99710991480412,12.910038264167856,-12.821035914371059,17.68736797553041,0.0,0.0,36.73593208063603,0.0,5.939372471080584
2025-07-01,FTNT,13.832981207605922,56.686676671669176,42.152263500072344,12.82751395831155,0.3151965093940282,0.4505388948585197,16.199658005796614,-8.5739371647656,-0.1760051837644272,-12.403031596163604,3.2833184936836624,0.0,1.0,2.6254714811313873,-83351426.0,4.403009003996439
2025-07-01,GOOGL,13.06538507477699,34.69407567410141,19.569172177995956,5.924876384503551,0.32671602082771545,0.3158434640949868,21.667496589867973,-3.1060985806942387,5.576929226700589,17.443803984938388,13.464676908074868,1.0,2.0,8.931300344942226,-18837760.0,8.109655255716874
2025-07-01,HPE,11.786521616275781,-18.594355285002763,19.668738047281902,0.8307384138655808,0.017820468261240483,-0.038895383740402543,64.90667649156914,40.13308132100693,17.844541682594684,17.27578078770553,10.01547435411192,0.0,0.0,4.692346707703865,-3279965.0,0.8789041981494217
2025-07-01,HPQ,2.5225633473056064,-14.358625382783263,9.365036128570676,0.42080054229924047,0.06316991417731777,0.03933846550517515,17.877597798774424,-6.895997371787788,-0.5246017761815547,7.218319162212916,25.573186248552247,0.0,0.0,-1.121937633058413,-2776547.0,-2.627453459735829
2025-07-01,INTC,-3.9701649256838722,-585.4648303000492,,1.865253405696477,-0.2056783048035593,0.06967800316718196,26.03420540094248,1.2606102303802658,9.427530864271283,1.0107710479479115,-0.4852076360446267,0.0,-2.0,71.71598792794745,0.0,1.7943100243648091
2025-07-01,INTU,14.993992284828938,12.890625,62.59408842257368,11.866496682821158,0.24378574571051473,0.04058512978442587,43.54249106199377,18.76889589143156,10.989374939909746,1.8978495622920644,4.715274072987463,1.0,-1.0,0.11674664647923443,-318299731.0,-1.9094967949116914
2025-07-01,IONQ,69.92383282686767,90.74077341567417,,226.3758088303009,-5.928374015839468,-1.7564855888705668,88.43983637315517,63.666241202592964,11.259699060736361,2.1208775682837855,-66.95760472771337,0.0,0.0,84.73403867813168,-425943701.0,10.798009964636513
2025-07-01,KLAC,20.33105908966981,41.570421634080134,32.48795737956557,10.394158659750168,0.05470636067599433,0.3250449604317033,50.29171596003583,25.51812078947362,14.986604133862924,-6.570984898384302,-9.186752353087869,0.0,0.0,4.63384917309884,-14416498.0,4.3288628759313275
2025-07-01,LRCX,20.325408029247093,29.040890829902377,34.213629358612906,7.208308464743106,0.30850204295650513,0.24316163239271452,61.08032700001837,36.30673182945616,16.85064029752774,-5.187893214269734,-1.9000633804497569,0.0,-2.0,-3.262872230395035,-9906598.0,5.092454465756613
2025-07-01,META,19.37328325578789,45.624808776607374,28.024645127571592,,0.42919112467715426,0.41879549189950693,41.007602692291776,16.234007521729566,12.216126126133187,-12.630459156921992,-17.667656831136735,0.0,0.0,14.622158180581678,0.0,-0.8689844068281438
2025-07-01,MPWR,30.574946441037,345.7186190147594,19.786062416123464,14.879603414919877,0.25667754189869235,0.3480286529613884,64.44923720426495,39.67564203370273,11.90152140552807,-32.32871010784806,9.792288496321099,0.0,0.0,2.5019071578077803,-36224087.0,-2.9719957065212244
2025-07-01,MRVL,21.59756120368812,-49.852055912661974,,10.124979236105887,-0.045741882892166665,0.16312656689788824,52.56170054042235,27.78810536986014,17.7309774400775,36.15451135763379,28.453975993091206,-2.0,-3.0,38.02252737068385,-5877704.0,-4.092586892171823
2025-07-01,MSFT,14.128597031075651,12.130283937294761,37.75335254359411,13.43992225073659,0.4523165808673753,0.48409318173400984,39.03240624648252,14.258811075920308,9.246290693889447,3.037116780544835,6.4781911706391915,-1.0,-2.0,1.3610961795980048,-60459085.0,3.6601962511613184
2025-07-01,MU,58.21908193346124,-504.4834307992203,21.64861244187963,3.9905397653600865,0.22588945080294562,0.28172596338686307,84.45222502365606,59.678629853093845,21.759600806761135,26.80257408117597,22.979149563719957,0.0,1.0,26.492841409338883,-37724273.0,-6.24816474507317
2025-07-01,NBIS,,,,,,,150.79762070136996,126.02402553080776,32.12666257616756,4.326152466085942,20.585698689473464,0.0,0.0,210.13135560921825,0.0,4.0946084324445575
2025-07-01,NFLX,15.003600972099296,44.050648018462546,61.13421578939111,13.707199382669105,0.2771012468048763,0.19759481210007823,48.62132266737444,23.847727496812233,8.902823136360771,-21.914122323959717,-14.750473594259395,-1.0,-7.0,1.206348805524922,-282766599.0,-4.663726888437325
2025-07-01,NOW,21.006541464443984,-20.22821576763485,137.29851152065493,18.26139911937988,0.12930508326793966,0.4170372307960589,39.07229249562667,14.298697325064458,2.578158181365442,-19.673891471248762,5.338151231485688,1.0,1.0,1.1462168861691793,-5029255.0,-5.136927455195995
2025-07-01,NVDA,86.16967934414721,80.22911873796892,,25.23201855781909,0.5802915530417803,0.31916641416691915,59.20109604699692,34.42750087643471,16.435270316620134,-18.07094825423512,11.449605942448082,0.0,-1.0,6.747744199310975,-638426327.0,11.793869338780262
2025-07-01,OKLO,,-924.3279113555882,,,,,155.758788182094,130.9851930115318,20.018004048708526,-0.18825133493320934,12.375058478312905,1.0,1.0,72.23770174563566,-94552760.0,20.81560938091094
2025-07-01,ON,-18.277341834232463,-70.80711102944555,37.22222116258409,3.3603365107026115,0.10034056981681244,0.2983361589125771,67.76211954365476,42.98852437309255,17.440323865243236,-25.818729993095303,11.111114274210099,-1.0,0.0,6.747744199310975,-707037.0,12.966419702968878
2025-07-01,ORCL,8.379751137629587,20.636285468615647,49.77729199668779,10.564746536953768,0.30798445965957594,0.45621003850241293,76.50324807601301,51.7296529054508,28.901301203216878,39.419614454010855,-3.718612727476145,1.0,1.0,10.087989460232588,-2614886725.0,11.462139199636567
2025-07-01,PANW,13.905253295342245,-49.42801111292695,111.94334381362869,14.825123465502982,0.11088825537764657,0.5477593608798044,29.535175645639967,4.7615804750777535,3.420877430616498,-6.918702923907238,4.434386831857173,1.0,5.0,16.938173831043244,-858021807.0,1.164086967528477
2025-07-01,PLTR,33.45351911862233,86.43757166705323,568.173881199049,98.99145032504148,0.1301980337872196,0.21274153907000395,69.01188979767797,44.23829462711575,4.1985553240544204,-13.216486581021524,-35.962492181999586,0.0,-2.0,18.879177417439585,-723027278.0,16.15396525367563
2025-07-01,QBTS,121.60788381742739,75.00629814768163,,202.11710450529458,-3.323409633478444,-2.550250432991621,138.26366872542266,113.49007355486044,13.181607435115893,-31.837133363726856,-7.460958186960475,0.0,0.0,1034.808080611132,-124009518.0,24.089067262741004
2025-07-01,QCOM,16.151183870790533,31.659909372764126,15.92955764459104,4.060933439168789,0.2714373551530057,0.3000520266754954,28.635893248635625,3.8622980780734117,6.790471846841428,0.5353730252423583,21.922837663215034,0.0,0.0,0.12329164662510443,-6425707.0,-0.26975399682703793
2025-07-01,RDDT,,,30.50701317185152,,0.022482017490305966,0.21908205212047713,71.25660566183647,46.48301049127426,29.10365851951784,26.270755619352883,-12.42199057890282,0.0,1.0,22.079931499008374,0.0,-3.901992122523379
2025-07-01,RGTI,-28.37701220934754,89.71954885144638,,353.0321528355645,-7.9866449511400655,-6.303908794788273,46.76166103140251,21.9880658608403,2.0104978242114546,-29.790313647628373,5.030892145915367,0.0,0.0,89.74470952569726,-24076253.0,41.92409560446202
2025-07-01,SAP,,,,,,,27.730638455219214,2.9570432846570016,2.433381160840531,-19.336796681888647,-5.162252949255707,0.0,0.0,27.584954629947497,,2.1917051170901702
2025-07-01,SHOP,,,,,,,46.15385072157112,21.380255551008908,8.204610386756084,-38.328954043250604,-1.8856338493101532,0.0,-1.0,-0.3163855448632578,0.0,13.98774719353797
2025-07-01,SMCI,82.492305315536,9.719349088170537,,1.3058726981757558,0.060876497237794466,0.039795834160109636,48.84895025446956,24.075355083907347,17.625951010707453,12.140538029414373,57.89547767377072,0.0,0.0,321.8761757107728,-58340257.0,9.110167727871787
2025-07-01,SNOW,27.49907939270799,51.03190282039427,,,-0.4048936899978931,0.2781157473082309,61.76317137788894,36.98957620732672,12.885825666705841,-12.032875227064011,0.7522310342681582,1.0,-2.0,30.555613245489308,0.0,-0.1481721176135653
2025-07-01,TSM,,,,,,,59.51160864025964,34.73801346969743,16.159585880341343,-30.743211438077534,3.499947093990663,0.0,0.0,,0.0,6.306760234428888
2025-07-01,TXN,-4.4759240521397565,-16.99846860643185,38.57300209276604,,0.34288740731509754,0.32213845099383137,45.363658026366124,20.590062855803914,14.810070064527348,-24.05221878863919,-7.136711794894257,0.0,0.0,0.6566382025317496,-100732067.0,1.9577118242860347
2025-07-01,UBER,12.861178055922661,185.3526220614828,42.26146663000825,4.425116815176017,0.07478416605437178,0.10013317413666421,41.58598076764115,16.812385597078936,7.828033089657249,-1.823868405298823,3.2659195974949373,-1.0,1.0,13.352935166523878,-10692429.0,-1.052853164252765
2025-07-01,VRT,20.447774021658162,64.90099009900989,71.16579454998637,5.546220999204121,0.1730945330431577,0.04169491122290009,94.88389819056397,70.11030302000177,16.814235472337025,-19.430737118621888,6.613146811652282,0.0,1.0,47.586917197117955,-10809253.0,2.9949407531465244
2025-07-01,WDAY,15.212109105937465,5.539102099927584,43.734916952018104,,0.03069238538572399,0.3044272158887571,13.664652606086891,-11.10894256447532,-3.5637450227139933,4.439107849604218,25.459990968821565,0.0,0.0,13.646863111985917,-136844643.0,-2.307398366532032
2025-07-01,ZS,25.461633994430287,-47.24225191151261,,18.788009951617514,-0.048362682423175825,0.31957073250412193,73.58790046242648,48.81430529186426,16.16154647908534,-3.7215758264266263,-4.269167971995169,1.0,-1.0,18.765564260065613,-127676546.0,-6.146692111883489
2025-08-01,AAPL,7.075569344614974,-1.1047027064718273,30.588817451720168,7.329024366779355,0.31866381156316914,0.3690449678800857,2.0729337921223445,-8.420366997042672,-1.4112540942047724,3.247060187427042,14.788169669639096,0.0,0.0,-0.646767620113944,-43037123.0,11.253684210765357
2025-08-01,ABNB,9.676789376037487,-48.61307957076332,,,0.22168803418803418,0.5787920227920228,0.7714132162083498,-9.721887572956668,-5.086702505293362,-26.48175178208325,12.977135218270085,-1.0,-4.0,22.4084888641536,-137211554.0,-1.2419964960329155
2025-08-01,ADBE,10.631944784375147,35.24315810198857,22.309171763500242,6.5709745050040995,0.36374496703685677,0.31494181673377286,-9.256942991893114,-19.75024378105813,-10.16077333013775,-13.783308721429988,42.01065578307821,-1.0,-2.0,-3.6394855571738467,331930.0,1.6187478667089028
2025-08-01,ADI,-6.173752155097856,-14.437740665608311,59.77411322254953,11.057097104362878,0.22711540153764426,0.46119947577346637,7.329497599977963,-3.1638031891870533,-3.8308365897236296,8.052926374748637,17.49608091327346,2.0,2.0,-1.6741479327087283,-23468165.0,11.384232033369223
2025-08-01,AMAT,5.992226708426096,-7.488021902806297,21.73713442762983,5.203446986578585,0.29662857346292143,0.29114600021360676,15.99627937753867,5.502978588373653,0.4857049246069778,-11.654053226071815,13.814918106013785,0.0,-1.0,-4.687336484877653,6652727.0,-10.940541624398382
2025-08-01,AMD,19.221515724351267,64.47562776957163,125.32846492572423,9.998817840301239,0.09621621621621622,0.10598198198198198,66.95838493041701,56.465084141252,24.640485741415286,20.257721989650147,-8.343038557281023,5.0,9.0,24.455387997963523,-10774422.0,-4.653459741635013
2025-08-01,AMZN,13.423502725395275,87.40844920921347,32.73628048780488,3.4165748808276546,0.11370996868834304,0.18079123870586444,11.234850676315444,0.7415498871504278,-1.3123736004131303,16.12644937797252,18.985675962949845,0.0,1.0,7.422385330133324,-5704020738.0,3.3527343181570135
2025-08-01,ANET,17.822629108918452,22.991873141563456,,19.866473640881324,0.42267794892592986,0.23493701130036795,35.887660952938916,25.3943601637739,16.063495837629695,-6.589929780182812,-6.372267342239379,0.0,-2.0,10.2842585414539,-455609788.0,12.299055134818747
2025-08-01,ARM,17.843866171003707,64.85849056603774,208.4545482288708,35.35482211576969,0.18514923562242175,,18.808288605624757,8.314987816459741,-5.904076814584458,16.594491696283733,15.632326213437997,1.0,1.0,3.546232464767454,0.0,-3.125456457718412
2025-08-01,ASML,,,,,,,-2.0730699756291493,-12.566370764794165,-9.122724808152983,37.716756311117464,33.42941645463826,-2.0,-2.0,18.259545486505655,,6.607528498254722
2025-08-01,AVGO,33.851099274971254,25.73736980434147,,23.623042809270697,0.35942923254917086,0.32342320232794586,38.962245350792955,28.46894456162794,8.892869634621924,-14.702586059726674,-2.1752019143108536,0.0,0.0,-0.8733150870414548,-356673203.0,0.3325785783056645
2025-08-01,BKNG,11.723737666860124,-4.31411530815109,37.235937102573644,,0.3284715284715285,0.4224175824175824,6.368593116210164,-4.124707672954853,-3.115594845055991,8.720288468614324,5.738912092875825,-1.0,-2.0,-6.127727512793438,-22238803.0,6.023619153839466
2025-08-01,CRM,5.561928209719391,10.23765996343693,40.10251691264491,6.398589285137019,0.19419045347327132,0.41340012191566616,-8.816497949088141,-19.309798738253157,-5.972787035329274,-25.20683010585164,40.149492531446704,-1.0,-1.0,-3.123144437008986,0.0,-1.958202919338281
2025-08-01,CRWD,35.36074461104448,-291.05481039907266,,,-0.06093342830381463,0.3102459319607101,8.79021742798447,-1.7030833611805463,-6.405401694028933,-26.9260206913126,1.9400836569631208,-8.0,-8.0,4114.59363359948,0.0,-7.298617703898325
2025-08-01,CSCO,0.46781301929050834,-19.181247936612746,26.836152368662308,4.680875721927292,0.2029915682361613,0.24128507991298564,12.955589044570214,2.4622882554051984,0.9670050379012585,-20.105165208790453,3.5691493733148727,1.0,0.0,3.2129699909141207,-11522072.0,-0.1341061990668857
2025-08-01,DELL,9.45094000067912,48.86892880904856,20.050713206021978,0.8879471229935635,0.06550087382757158,0.05529415414525186,33.292084613963425,22.798783824798406,5.782453885957972,-19.073162386663878,13.933825104585672,0.0,0.0,36.73593208063603,0.0,0.4005678807989188
2025-08-01,FTNT,13.832981207605922,56.686676671669176,40.065843872572664,12.19258774860513,0.3151965093940282,0.4505388948585197,-0.0615864911942432,-10.55488728035926,-5.729616835423346,-27.166755682890454,9.795142824570213,0.0,1.0,2.6254714811313873,-79077633.0,-20.141742489129133
2025-08-01,GOOGL,13.133445431394764,31.84685763829471,20.105758048832293,6.146267747270077,0.32679140223856284,0.30590550863087945,23.966592839093124,13.473292049928109,6.215334643505965,7.1687276658497945,12.330396863947634,1.0,1.0,8.931300344942226,-19458287.0,5.615164804330508
2025-08-01,HPE,11.786521616275781,-18.594355285002763,19.025279026405485,0.8035609648037563,0.017820468261240483,-0.038895383740402543,18.14638896633667,7.653088177171652,3.112545937905953,-19.3532674605857,17.049045809619102,1.0,2.0,4.692346707703865,-3013694.0,10.146389600382143
2025-08-01,HPQ,2.5225633473056064,-14.358625382783263,8.97941810283882,0.40347351097543355,0.06316991417731777,0.03933846550517515,-6.539646628765516,-17.032947417930533,-3.1396179126881973,-17.810645370024147,30.965883593908792,0.0,0.0,-1.121937633058413,-2776547.0,8.711655385109985
2025-08-01,INTC,-3.923095026884149,-616.5518937530743,,1.575509660590362,-0.2284153005464481,0.06964386659129451,-9.850609723791525,-20.34391051295654,-10.294529647541605,20.385802312587774,21.159160954909684,0.0,-1.0,71.71598792794745,0.0,21.698605126570026
2025-08-01,INTU,14.993992284828938,12.890625,62.40061690167683,11.829818631925301,0.24378574571051473,0.04058512978442587,18.859767147685336,8.36646635852032,1.8296806372567254,-6.834340579293608,7.035411983985074,0.0,-3.0,0.11674664647923443,-319216800.0,-10.099861854772241
2025-08-01,IONQ,69.92383282686767,90.74077341567417,,215.19815259805344,-5.928374015839468,-1.7564855888705668,21.905974972316923,11.412674183151905,-8.61844422799084,-20.813815050678166,-65.24134215303641,0.0,0.0,84.73403867813168,-437343156.0,-2.4921321866691937
2025-08-01,KLAC,20.33105908966981,41.570421634080134,32.046637564583136,10.252963320103968,0.05470636067599433,0.3250449604317033,26.75048095594481,16.257180166779793,1.8384250926029244,1.82668811329465,-2.5440444598944234,-1.0,-1.0,4.63384917309884,-14451266.0,-1.393052327429256
2025-08-01,LRCX,20.325408029247093,29.040890829902377,34.058129609520755,7.175546954822668,0.30850204295650513,0.24316163239271452,28.197713667448497,17.70441287828348,3.20347844223583,18.447589496356144,9.195154541937267,0.0,-1.0,-3.262872230395035,-9906598.0,2.116839948781579
2025-08-01,META,19.37523366981788,39.024010887527936,27.12481405980701,,0.4402058107994743,0.39901568748077515,26.683505366301198,16.19020457713618,7.322806547285632,21.121028084730508,-20.6009344511883,0.0,0.0,14.622158180581678,0.0,-1.4546513269368178
2025-08-01,MPWR,30.574946441037,345.7186190147594,20.809841283196352,15.649510191025414,0.25667754189869235,0.3480286529613884,23.44397506736604,12.950674278201024,10.235011966682016,9.514954632015238,6.473756085664295,0.0,0.0,2.5019071578077803,-67128107.0,4.4703566072612055
2025-08-01,MRVL,21.59756120368812,-49.852055912661974,,9.895354658069596,-0.045741882892166665,0.16312656689788824,24.91355846147019,14.42025767230517,4.848277496360254,-12.192705335397026,29.307168179480158,-2.0,-3.0,38.02252737068385,-3603124.0,-4.351920048997881
2025-08-01,MSFT,14.932156232406712,15.539620586366532,38.120003529657716,13.720376003132305,0.4562195624085985,0.48331700529596344,19.680039268776394,9.186738479611378,7.275440404730227,10.58262712942486,16.262749724227497,2.0,2.0,1.3610961795980048,-60459085.0,-3.6330318220283098
2025-08-01,MU,58.21908193346124,-504.4834307992203,18.799269177969315,3.465313604546253,0.22588945080294562,0.28172596338686307,22.26731503873145,11.774014249566434,-7.385160655918266,-8.147418035773446,41.76035238978311,0.0,1.0,26.492841409338883,-40932296.0,10.402379575311915
2025-08-01,NBIS,,,,,,,83.9405700671627,73.44726927799768,8.383008982479057,-18.75944585141942,20.192307692307686,0.0,0.0,210.13135560921825,0.0,27.269231356107284
2025-08-01,NFLX,14.843829686794452,44.44263560155184,49.36514725622138,11.808157392759977,0.2951066604821225,0.2175523993934452,1.6119673267986467,-8.88133346236637,-5.939254580149456,12.615505545586036,8.005768351245335,-2.0,-3.0,1.206348805524922,-312253279.0,4.109271156424188
2025-08-01,NOW,21.115017579105988,44.93891797556719,115.01508988674331,15.737674436737692,0.1327859334826242,0.3966990130214813,-6.702651332625765,-17.195952121790782,-8.100823431675785,32.99486405389982,21.518099130317236,0.0,-1.0,1.1462168861691793,-6371641.0,-4.090245752338584
2025-08-01,NVDA,86.16967934414721,80.22911873796892,,28.592995456348415,0.5802915530417803,0.31916641416691915,48.93447484672671,38.44117405756169,12.433641505021885,-16.841154860533436,1.8832095189612597,0.0,0.0,6.747744199310975,-962869548.0,0.725291652751836
2025-08-01,OKLO,,-924.3279113555882,,,,,154.5033729990324,144.01007220986736,21.36325752125332,2.160510717493236,-9.427889306435834,1.0,1.0,72.23770174563566,-94552760.0,-6.014821025113615
2025-08-01,ON,-14.512364046788429,-67.20846233230134,39.45833312140571,3.562207555002359,0.10034056981681244,0.2983361589125771,38.6530022682462,28.15970147908118,6.460714935642908,17.38170128168346,9.312058156819859,0.0,1.0,6.747744199310975,-707037.0,-14.097146012943117
2025-08-01,ORCL,8.379751137629587,20.636285468615647,55.683311778828845,11.81824184651595,0.30798445965957594,0.45621003850241293,62.92361665895483,52.43031586978981,16.078165324776016,-28.49158783953901,-7.620271635035058,3.0,4.0,10.087989460232588,-1912419606.0,-4.606821846096631
2025-08-01,PANW,13.905253295342245,-49.42801111292695,97.94901126504955,12.971795694667408,0.11088825537764657,0.5477593608798044,-7.5161762924463416,-18.009477081611358,-11.525889936732892,100.1724873575215,19.410859653743408,-1.0,-2.0,16.938173831043244,-734902611.0,6.038872134740547
2025-08-01,PLTR,33.45351911862233,86.43757166705323,670.7391490106997,116.86112886821033,0.1301980337872196,0.21274153907000395,31.51747677652692,21.024175987361904,10.307421797451743,-35.384755893140294,-42.21170834833875,0.0,-2.0,18.879177417439585,-730947199.0,1.2380815132065681
2025-08-01,QBTS,121.60788381742739,75.00629814768163,,223.39258234462258,-3.323409633478444,-2.550250432991621,47.70062159957924,37.207320810414224,-2.140020162934242,-36.968148845054316,2.564107819000294,0.0,0.0,1034.808080611132,-34631191.0,-9.584852390654364
2025-08-01,QCOM,15.82414051622576,32.897153351698805,14.02232441925196,3.6368317210540355,0.2778445605437145,0.29330990799389706,2.6864298423780575,-7.806870946786959,-4.140882970791981,22.305154850244268,30.715186872104926,0.0,0.0,0.12329164662510443,-7197507.0,4.008375713584744
2025-08-01,RDDT,,,34.298181707208805,,0.07873883573954195,0.24011807827841677,73.9258721943457,63.43257140518068,39.96141847215966,8.586398683523043,-25.743785236351236,0.0,0.0,22.079931499008374,0.0,15.908606130160297
2025-08-01,RGTI,-28.37701220934754,89.71954885144638,,439.9659303798397,-7.9866449511400655,-6.303908794788273,33.459357158605776,22.966056369440757,7.8323555265592315,-36.74269586664176,-7.34183116591931,0.0,0.0,89.74470952569726,-25482553.0,1.0623270072261048
2025-08-01,SAP,,,,,,,-2.86126230047693,-13.354563089641946,-5.358642448181927,51.32032547371017,8.688699545531309,0.0,0.0,27.584954629947497,,-4.8727944475047575
2025-08-01,SHOP,,,,,,,29.236136877511587,18.74283608834657,4.4271462208904655,-33.4469399673408,-3.5894952664715873,-1.0,-1.0,-0.3163855448632578,0.0,15.24451470006154
2025-08-01,SMCI,82.492305315536,9.719349088170537,,1.5670471955947296,0.060876497237794466,0.039795834160109636,77.05532914940896,66.56202836024394,19.414059556499485,-2.9217149269082587,31.579568272889524,0.0,0.0,321.8761757107728,-82340257.0,-25.300138013377836
2025-08-01,SNOW,27.49907939270799,51.03190282039427,,,-0.4048936899978931,0.2781157473082309,17.73286148561233,7.239560696447311,-3.71573800903624,-20.722646251558174,6.883023305449698,1.0,0.0,30.555613245489308,0.0,-5.043415950249585
2025-08-01,TSM,,,,,,,33.735578091242346,23.24227730207733,6.548989684624074,-6.135701357059231,4.776890629806552,0.0,0.0,,0.0,-3.350198837605134
2025-08-01,TXN,3.622918220233662,-4.245640636846093,32.229338093257255,,0.3489055472263868,0.3100449775112444,5.745181573251346,-4.748119215913671,-8.777232940647316,51.66066266748732,19.982054960643758,3.0,3.0,0.6566382025317496,-100732139.0,10.975351047527472
2025-08-01,UBER,12.861178055922661,185.3526220614828,39.86697415693091,4.174394117850052,0.07478416605437178,0.10013317413666421,4.95110037965476,-5.542200409510256,-2.4778292826146187,-21.16618258860151,14.09261369076724,-1.0,0.0,13.352935166523878,-10953679.0,8.422505334694353
2025-08-01,VRT,26.30730982374756,62.8182000400882,67.67186799117823,5.93799434089618,0.1717506047943699,0.038552892016714316,50.58313601416637,40.08983522500136,16.451382695524998,33.16670290567849,3.6053013230867403,1.0,1.0,47.586917197117955,-10809253.0,-10.6010260834141
2025-08-01,WDAY,15.212109105937465,5.539102099927584,40.625228742358885,,0.03069238538572399,0.3044272158887571,-14.260356701727694,-24.75365749089271,-7.648907378710512,1.3132413027376666,34.892727496631906,-1.0,0.0,13.646863111985917,-155772240.0,2.412024381652378
2025-08-01,ZS,25.461633994430287,-47.24225191151261,,17.134306967438455,-0.048362682423175825,0.31957073250412193,20.256582832585423,9.763282043420407,-4.301436893571086,-38.136239961698,5.428952748594207,0.0,-3.0,18.765564260065613,-127676546.0,-3.5394381485747806
2025-09-01,AAPL,5.970389234523599,-2.6246616187374894,35.12672343275796,8.416298288423208,0.31866381156316914,0.3690449678800857,13.967960435395742,5.987023841344241,7.780901255682715,-29.138273758651458,0.8606281128174409,0.0,0.0,57379.72113388604,-71352323.0,11.474836432514923
2025-09-01,ABNB,10.233222275107101,-45.809248554913296,,,0.22495682210708118,0.5613982728842832,-7.188567018079562,-15.169503612131063,-1.194329148217843,-16.431409781501138,11.21325980560055,0.0,0.0,83.84740854862858,-198796818.0,-1.6850803026834837
2025-09-01,ADBE,10.631944784375147,35.24315810198857,22.88005209794941,6.739122393363229,0.36374496703685677,0.31494181673377286,-14.444017864626012,-22.424954458677515,-1.970695523577537,-23.025402675811236,38.10167614075111,-1.0,-2.0,19.551735758602184,331930.0,5.338072918671721
2025-09-01,ADI,7.075547944442917,18.243497494308826,63.42229428498642,11.745267421666165,0.24614686243446607,0.43597269417563356,13.070278341659414,5.089341747607912,6.070466668519825,29.551779803728007,8.475977950360125,2.0,2.0,12.821539064310112,-24043515.0,-0.3946570141746153
2025-09-01,AMAT,6.550234601921501,-8.295302013422823,19.07588517708489,4.575479030092514,0.3013665117254395,0.28581414042568065,-3.3100984107976683,-11.29103500484917,-11.314603101852217,4.590833526358007,22.906852843330917,-2.0,-3.0,20.428574163053224,6699535.0,27.257730927903935
2025-09-01,AMD,27.169616772641337,109.30576070901034,92.93143136160714,8.911684727024388,0.07658783783783783,0.0993581081081081,39.96901752784245,31.988080933790954,2.1897017986968415,-23.543683143162074,8.57814662708174,4.0,4.0,90.355150416535,-50904188.0,-1.5586581591463755
2025-09-01,AMZN,10.872133621474212,58.99277336275017,34.90853658536586,3.6432859031875804,0.11370996868834304,0.18079123870586444,7.224793813092445,-0.7561427809590571,2.238258739832122,-30.481734101055046,13.764951585342722,0.0,1.0,54296.79632211094,-5696016047.0,1.0162459315425254
2025-09-01,ANET,25.97261547543621,32.06435363876847,,21.584284768635737,0.431381471347151,0.21973741072160738,40.41131419203887,32.43037759798737,15.754479887976668,-21.788235699682147,-1.5256948652732527,0.0,-2.0,31.23061674246089,-764994023.0,7.01405690864807
2025-09-01,ARM,17.843866171003707,64.85849056603774,209.56060236150574,35.54241383512516,0.18514923562242175,,3.906541149724707,-4.074395444326795,-6.497768057976517,-25.219749711698626,16.279437347534675,1.0,1.0,2.0164879250817456,0.0,9.173341186025553
2025-09-01,ASML,,,,,,,-1.1309338651731227,-9.111870459224624,-1.3252813988673728,-37.60660855057667,23.942620921893344,-2.0,-2.0,153.8689909045914,,31.955640306338594
2025-09-01,AVGO,33.851099274971254,25.73736980434147,,24.33916416013742,0.35942923254917086,0.32342320232794586,20.718421050989644,12.737484456938141,3.530465328763266,-8.401722035319114,-2.9038757852317243,0.0,0.0,1.4370099212763,-356919171.0,13.791054382123269
2025-09-01,BKNG,11.723737666860124,-4.31411530815109,38.70676565090505,,0.3284715284715285,0.4224175824175824,-0.27713712580269556,-8.258073719854197,-0.08144329123482841,-17.163576404078473,3.082345701312539,-1.0,-2.0,-1.210125705967563,-23596053.0,-0.7088313875826535
2025-09-01,CRM,3.471822295351701,7.0667613636363535,40.983766125094505,6.539197710802628,0.19419045347327132,0.41340012191566616,-6.503831103557256,-14.484767697608758,-0.3618511553088566,-1.2093835155536858,34.73801530209604,1.0,2.0,-4.328987568455885,0.0,-1.0817135512051435
2025-09-01,CRWD,30.4869746038817,-317.42455257924905,,,-0.08722646922371324,0.2955894609248988,-9.545054782247986,-17.525991376299487,-8.036683156181535,27.49876923465331,5.543080865695327,-7.0,-7.0,3.547059668892446,0.0,19.259979358751522
2025-09-01,CSCO,0.46781301929050834,-19.181247936612746,27.627924705038264,4.818980017048366,0.2029915682361613,0.24128507991298564,5.2156860512773795,-2.7652505427741225,1.1173690524431512,-18.026018180962076,4.962745093240217,-1.0,-2.0,10.546424620500133,-11139007.0,-0.07376178801697941
2025-09-01,DELL,9.45094000067912,48.86892880904856,19.23652782774808,0.8518908711887846,0.06550087382757158,0.05529415414525186,7.823573551760599,-0.15736304229090337,-5.165993911920886,25.968528266279357,22.462625298254068,0.0,0.0,1295.8329185842754,0.0,12.177577776064453
2025-09-01,FTNT,14.458310006681963,47.734023916520684,31.382468782098172,9.515187906077982,0.3087457990817148,0.43662727401820794,-24.93806478892736,-32.91900138297886,-16.722526758963596,29.029196475938445,21.168526738595173,-4.0,-4.0,19.357390166551717,-132144703.0,10.503057063566757
2025-09-01,GOOGL,13.133445431394764,31.84685763829471,22.633724578662218,6.9190592585741895,0.32679140223856284,0.30590550863087945,22.735930037863696,14.754993443812193,11.93982389088941,-22.019931001991132,-0.15542667609063088,1.0,1.0,22.354732230954827,-14977720.0,19.591131591111033
2025-09-01,HPE,11.786521616275781,-18.594355285002763,21.675947600719976,0.9155158956089721,0.017820468261240483,-0.038895383740402543,25.539003507528555,17.558066913477056,8.964329958448737,2.779689585470524,5.643176878250711,1.0,1.0,5.872553714889113,-8684694.0,11.520994362916515
2025-09-01,HPQ,2.676175283850979,-6.150017774617844,9.907691844188383,0.4659228315738796,0.058598819250242185,0.039041509020123925,14.640118724716134,6.6591821306646315,10.971997060023941,15.865255735396211,13.732323858984042,0.0,0.0,-1.14828040004915,-1067551.0,-1.3681263349335837
2025-09-01,INTC,-3.7209049182707177,-2336.741214057508,,1.9867251112071587,-0.2284153005464481,0.06964386659129451,21.3858476058828,13.404911011831299,8.362854918227413,34.82181166456198,-3.91855044430518,0.0,-1.0,21.80214197356999,0.0,18.793892261348223
2025-09-01,INTU,14.993992284828938,12.890625,53.62521535981961,10.166190709367074,0.24378574571051473,0.04058512978442587,-13.437026778172633,-21.417963372224136,-10.658895039984328,53.215200214250345,22.707778818525636,0.0,-2.0,23.65827267680989,-269836110.0,6.057497087329389
2025-09-01,IONQ,67.82566896330718,183.32316254546345,,220.02501611981802,-7.0060912736299406,-1.4441283177391637,9.533575543469697,1.5526389494181947,2.382542328775772,-33.49321370118174,-68.9985973803188,0.0,0.0,38.33651139869515,-440248757.0,67.3412412948106
2025-09-01,KLAC,23.887647752854168,47.059954466062436,28.590760342494647,9.430258878041695,0.05197915263057534,0.30884089896136624,8.15565481306919,0.1747182190176888,-3.3627384418290163,-22.949583335285105,1.3760899745189459,-1.0,-1.0,32.5041355900239,-50228373.0,26.572937528805074
2025-09-01,LRCX,23.684089764599193,39.98265831925203,29.50200537369714,6.8544015556352695,0.32008564303688447,0.22601640489854652,16.27008669171395,8.289150097662446,0.8702122627034736,-3.5222385640505616,6.3433479309863205,0.0,0.0,1.5891308603947334,602.0,36.24652472391499
2025-09-01,META,19.37523366981788,39.024010887527936,26.71577664002971,,0.4402058107994743,0.39901568748077515,5.956394002482357,-2.024542591569145,0.49172433863620135,-16.030536498412317,-19.385278648161687,0.0,0.0,7.401165307647754,-36404267.0,4.158063784694965
2025-09-01,MPWR,34.30042841418122,352.9010280430684,21.715138034630915,15.624789204437366,0.25977785395092284,0.3265301629930595,21.897763761000142,13.916827166948643,8.434057043774601,-15.513912812272402,4.614411164982823,0.0,0.0,9.3521867773202,-67367221.0,12.039083608637968
2025-09-01,MRVL,37.05317395669552,-89.2949580701936,,7.5093873810703204,0.012868180624473041,0.1465949771247702,-7.942265992403175,-15.923202586454677,-15.77050401241944,18.860032104060288,46.70044345421287,-1.0,0.0,23.07433919933097,-2670664.0,16.919489895552854
2025-09-01,MSFT,14.932156232406712,15.539620586366532,36.91357699307528,13.286151864375613,0.4562195624085985,0.48331700529596344,7.896374343244594,-0.08456225080690771,-0.18755503712318822,11.626802487375599,20.2226712556711,2.0,2.0,56459.03252121344,-63016591.0,1.8470956713758646
2025-09-01,MU,58.21908193346124,-504.4834307992203,21.332009005589377,3.9321795075949373,0.22588945080294562,0.28172596338686307,9.729201300780698,1.7482647067291968,0.7007126022820831,-31.470246421564074,25.788950816699185,0.0,1.0,4.809397380999002,-36966717.0,38.94329558628853
2025-09-01,NBIS,,,,,,,41.50787369970019,33.52693710564869,19.02190139253861,-31.73539303155044,2.459016851112561,0.0,0.0,21.97113633914398,0.0,62.20328133612381
2025-09-01,NFLX,14.843829686794452,44.44263560155184,51.48061224893148,12.314177226209306,0.2951066604821225,0.2175523993934452,-2.6758650153918984,-10.6568016094434,-1.7584711671458142,-21.906846103728085,3.567545649988335,-1.0,-1.0,2.767872450286851,-318510900.0,1.092155047672172
2025-09-01,NOW,21.115017579105988,44.93891797556719,115.40377634876178,15.790858944989935,0.1327859334826242,0.3966990130214813,-10.944371650832485,-18.925308244883986,-2.843672725586477,19.056110077858122,21.10881928249464,0.0,-1.0,10.874837501229534,-22421042.0,3.989381026411487
2025-09-01,NVDA,71.55346963356766,63.3628251806297,,25.770391954756487,0.5809294386810154,0.2868997324746698,22.912855023896572,14.93191842984507,2.14516827794895,11.385141891160512,14.44387041642532,0.0,0.0,27455.503603523008,-1119867640.0,7.51865088606416
2025-09-01,OKLO,,-179.81116641115057,,,,,46.43069804938429,38.44976145533279,10.153112673920205,-27.747510096571702,-2.9060285271393593,1.0,1.0,1782.1361690928493,-94552760.0,90.65091728985315
2025-09-01,ON,-17.93043299815309,-75.79979360165119,46.34579453512887,3.1867876766604337,0.0740295055322873,0.31076139276114273,-1.156065452512678,-9.13700204656418,-8.246865311450646,-25.593972034875357,23.232730234065112,-1.0,0.0,27455.503603523008,-1475297.0,5.230897926290279
2025-09-01,ORCL,8.379751137629587,20.636285468615647,51.51651971351167,10.933880719655225,0.30798445965957594,0.45621003850241293,30.220948983504915,22.240012389453412,-4.619555611732262,-26.97772677418535,4.420124882334786,3.0,4.0,9.533688279688873,-1917408661.0,45.65024806377098
2025-09-01,PANW,18.35637185065393,-53.672985781990526,172.41629345924068,13.79909026227584,0.1347828444396248,0.5271593558531692,-4.549098974649157,-12.53003556870066,0.6165234874149217,35.90659423631655,9.38349318920264,2.0,1.0,10.824939386565948,-428871019.0,9.26936175062485
2025-09-01,PLTR,38.79037394800524,84.66942008869628,522.366689046224,108.03161184247506,0.16553803173702628,0.19261102829255589,22.69809365493871,14.71715706088721,0.7629759481591059,30.598028712148363,-18.352374118890413,1.0,0.0,9.186473228169085,-764028652.0,14.157493164190548
2025-09-01,QBTS,120.19572953736657,318.3405399783058,,238.3059059083577,-3.531358024691358,-2.4458361391694723,-16.11171223662431,-24.092648830675813,-5.900213872298277,-38.06381695115921,15.236876644546339,0.0,0.0,64.20406172506281,-42897586.0,61.955832545624446
2025-09-01,QCOM,15.82414051622576,32.897153351698805,15.208909776475693,3.9445846397473625,0.2778445605437145,0.29330990799389706,7.699007652602607,-0.2819289414488946,3.056890410609281,-15.300802274613401,20.516906456955695,0.0,0.0,65699.41007422352,-3412637.0,7.498334316225774
2025-09-01,RDDT,91.52733093127021,-131.48470471810694,40.9236366965554,,0.07873883573954195,0.24011807827841677,85.57177024659444,77.59083365254294,26.616174690024753,-15.541018038540654,-27.564849959698844,0.0,0.0,117.63765975938513,0.0,17.040807241677424
2025-09-01,RGTI,-37.19289903312728,142.463335343699,,663.0485375272488,-9.760757097791798,-7.326056782334385,43.88297807132384,35.90204147727234,11.563257956329487,-17.98694350432042,3.512017706964965,0.0,0.0,142.80524994825814,-27869044.0,82.79639176841445
2025-09-01,SAP,,,,,,,-12.149764433402455,-20.130701027453956,-6.218334106320578,0.8107467556294656,13.017706702223197,0.0,0.0,6.529472724613858,,-0.3080431799302952
2025-09-01,SHOP,,,110.37499904632568,,0.12124886329190664,0.17682125896736384,26.81087347216946,18.82993687811796,10.610392098194211,-31.969583282004187,-5.395566242934513,-1.0,-1.0,75.94693763734867,0.0,13.003454188786922
2025-09-01,SMCI,85.89618210481082,-0.012964851905161723,38.57010298563356,1.1232661727093307,0.057026743349571245,0.03906714724102566,-0.024063349498892883,-8.004999943550395,-15.094878130453093,-36.678636984361624,69.0109323779527,0.0,0.0,-2.6270403430006795,-75001056.0,14.93379189525541
2025-09-01,SNOW,19.75287580729066,37.61655466616387,,,-0.4048936899978931,0.2781157473082309,13.194843391874578,5.213906797823076,12.97279693301505,99.21969136617643,3.9350030357280463,2.0,2.0,11.032307624495726,0.0,-1.7380191401123901
2025-09-01,TSM,,,,,,,12.93213458345992,4.951197989408418,-1.4940444654279794,-3.61650165194235,6.746548381925499,0.0,0.0,,0.0,19.746979895556894
2025-09-01,TXN,3.622918220233662,-4.245640636846093,36.08203448586751,,0.3489055472263868,0.3100449775112444,5.988725406527862,-1.9922111875236403,0.9020215771782025,-19.710511642974392,7.170847474383746,3.0,3.0,9.454586837358397,-308102.0,-10.10459573155904
2025-09-01,UBER,15.010359719413868,195.74561403508773,29.952076677316295,4.246277565549574,0.09843288765410661,0.09465619031081784,9.521029989670904,1.5400933956194018,1.8997364906648384,-18.771529254328414,9.481481481481469,-1.0,0.0,1.4777468830413785,-12813699.0,7.089755418752741
2025-09-01,VRT,26.30730982374756,62.8182000400882,60.961556320555474,5.349185521092331,0.1717506047943699,0.038552892016714316,10.60479087643358,2.6238542823820765,-2.416222544368407,-17.615589291889865,13.315590247043119,1.0,1.0,49.946240780652765,-32226868.0,22.573055660960307
2025-09-01,WDAY,22.386003581760573,-62.20130340333092,120.21875381469727,,0.05324178298063935,0.28658262044124266,-8.665714542063041,-16.646651136114542,-0.07990901704817421,60.37823389570238,23.756677649069967,-1.0,-1.0,14.209267494848756,-155772240.0,6.015992096281897
2025-09-01,ZS,25.461633994430287,-47.24225191151261,,16.937452179149428,-0.048362682423175825,0.31957073250412193,-8.573412233436962,-16.554348827488464,-4.123871737962581,-38.435164017666345,7.376187472715756,1.0,-1.0,82.415661143237,-127676546.0,6.191499270321255
2025-10-01,AAPL,5.970389234523599,-2.6246616187374894,38.65392103180719,9.26140834181704,0.31866381156316914,0.3690449678800857,21.123385209400382,13.713324699434004,10.624093631731157,15.759349975847204,-4.973385850587797,-1.0,-1.0,57379.72113388604,-30533722.0,2.8655305020228283
2025-10-01,ABNB,10.233222275107101,-45.809248554913296,,,0.22495682210708118,0.5613982728842832,-10.617468586519951,-18.027529096486326,-3.5828530307918105,-2.9740506189688487,18.10551588219105,0.0,1.0,83.84740854862858,-287447424.0,5.101371712996805
2025-10-01,ADBE,10.665011696185612,29.794776119402975,21.46908190010638,6.227617467438648,0.36245200811009015,0.3070618178680816,-7.943650777823075,-15.353711287789451,-3.0191255329634736,15.874403685266024,33.79018815618973,-1.0,0.0,19.551735758602184,-175828.0,4.023619959021629
2025-10-01,ADI,7.075547944442917,18.243497494308826,60.625147514635955,11.2272597209704,0.24614686243446607,0.43597269417563356,-1.0273763146178894,-8.437436824584266,-0.017840467986629527,-8.963474302455843,14.113678092160908,1.0,0.0,12.821539064310112,-23876705.0,2.9630438797402237
2025-10-01,AMAT,6.550234601921501,-8.295302013422823,25.837169187998178,6.197218358110482,0.3013665117254395,0.28581414042568065,11.758040483395416,4.347979973429039,22.010401454076,47.14031559487515,-9.121879568994206,-3.0,-4.0,20.428574163053224,-100373.0,3.79351241626098
2025-10-01,AMD,27.169616772641337,109.30576070901034,93.71999686104911,8.987304428719186,0.07658783783783783,0.0993581081081081,18.495766322802808,11.085705812836434,-1.0433289300641357,-18.618442579217344,8.712887001876268,1.0,-2.0,90.355150416535,-54985928.0,45.13139854374899
2025-10-01,AMZN,10.872133621474212,58.99277336275017,33.63262269555069,3.5101230856321304,0.11370996868834304,0.18079123870586444,-0.858267484921027,-8.268327994887404,-2.794688798099798,24.82565419267624,19.066149825561453,1.0,2.0,54296.79632211094,-5696647547.0,0.6345437454112313
2025-10-01,ANET,25.97261547543621,32.06435363876847,,23.594919133110885,0.431381471347151,0.21973741072160738,40.449760996363906,33.03970048639753,9.87337005649669,-13.335840268936805,2.8534919075035914,0.0,-1.0,31.23061674246089,-1025080867.0,-2.2308579994253064
2025-10-01,ARM,17.843866171003707,64.85849056603774,227.84849224668568,38.64412161390401,0.18514923562242175,,1.5943795042780096,-5.815681005688367,4.56722255016615,20.127356922590046,6.2525625133254215,1.0,1.0,2.0164879250817456,0.0,12.634658453965496
2025-10-01,ASML,,,,,,,25.753583145556647,18.34352263559027,26.521784699654226,-6.530544404739103,-8.257721960730358,1.0,3.0,153.8689909045914,,2.167909561882264
2025-10-01,AVGO,28.005980988999248,271.57998037291463,,26.123793567201307,0.3771818576244034,0.3078797183192604,20.17317497032629,12.763114460359915,5.585767040511791,7.4434420002904345,3.2328473975074434,0.0,0.0,1.4370099212763,-499869615.0,2.780522150810727
2025-10-01,BKNG,11.723737666860124,-4.31411530815109,37.05261143239197,,0.3284715284715285,0.4224175824175824,-5.438714848752834,-12.84877535871921,-3.2547453038725083,21.21134548433341,8.138993988084998,-1.0,-2.0,-1.210125705967563,-29977520.0,-1.2066033523490671
2025-10-01,CRM,6.496640614287674,13.35227272727273,35.472560073390156,5.853876718502552,0.20471751557913168,0.2598496163155997,-12.852355690974026,-20.262416200940404,-4.86411657699608,-0.16899881573101405,43.232066428142126,1.0,2.0,-4.328987568455885,-8208436.0,11.761210948213208
2025-10-01,CRWD,30.4869746038817,-317.42455257924905,,,-0.08722646922371324,0.2955894609248988,-2.638705780386119,-10.048766290352496,12.139334865740302,21.28423619534128,-6.508798175871478,-2.0,3.0,3.547059668892446,-34376482.0,0.798068009470243
2025-10-01,CSCO,5.298961024478199,-1.3565891472868241,26.413846483417586,4.707999819775316,0.20757581106364953,0.2368941292759558,-0.750688294883628,-8.160748804850005,0.9390580240667301,12.160569321885983,5.481840400316518,-2.0,-4.0,10.546424620500133,-12315364.0,3.486602038082798
2025-10-01,DELL,9.730138986533987,46.61976139492199,21.734796411850873,0.9833586217030439,0.06668243782712836,0.0527052468679461,18.68581969592975,11.275759185963373,13.925412805764893,17.72052611844217,1.4112213139082508,0.0,0.0,1295.8329185842754,0.0,0.1886950432268275
2025-10-01,FTNT,14.458310006681963,47.734023916520684,33.93625510166366,10.289497820041746,0.3087457990817148,0.43662727401820794,-20.873201023876774,-28.283261533843152,0.6532184055169532,-9.078726059356523,11.572008331235374,-5.0,-5.0,19.357390166551717,-79832808.0,-0.46959559103758597
2025-10-01,GOOGL,13.133445431394764,31.84685763829471,26.05775617587287,7.965775076025885,0.32679140223856284,0.30590550863087945,38.783275957581864,31.373215447615486,12.04641283048642,-11.178764618241432,-3.1387357457887233,0.0,-1.0,22.354732230954827,-14977720.0,2.270316979997533
2025-10-01,HPE,13.973121984838045,-31.859838274932617,28.88278736787684,0.9789082718116134,0.00798185941043084,-0.03721844293272865,20.489158426064492,13.079097916098114,10.953353062808047,29.26846979406075,2.3745633493335916,1.0,1.0,5.872553714889113,-15852756.0,-6.658644269214442
2025-10-01,HPQ,2.676175283850979,-6.150017774617844,9.362103817236683,0.44026580444911584,0.058598819250242185,0.039041509020123925,5.263008774420652,-2.147051735545724,-0.6707019101850009,11.038691394632005,18.086201711407888,-1.0,-1.0,-1.14828040004915,-920472.0,5.468163646667801
2025-10-01,INTC,-3.7209049182707177,-2336.741214057508,,2.9323571519436573,-0.2284153005464481,0.06964386659129451,53.327635699023325,45.91757518905695,44.723272796063895,84.59065579433135,-28.990444328043463,1.0,1.0,21.80214197356999,0.0,6.065666078116383
2025-10-01,INTU,15.63401903592263,30.577117786027674,49.15517431676344,9.960229180127396,0.2614306197227975,0.039190696192448624,-11.586755772309044,-18.996816282275418,-3.9220473815828605,20.086977806647365,20.45047042288093,0.0,-1.0,23.65827267680989,-211032073.0,-0.47480077887238625
2025-10-01,IONQ,67.82566896330718,183.32316254546345,,324.7865642355875,-7.0060912736299406,-1.4441283177391637,38.47673013805837,31.066669628091994,30.646003438213643,60.14390873997528,-78.99825650982108,0.0,0.0,38.33651139869515,-371473516.0,-5.690283949762575
2025-10-01,KLAC,23.887647752854168,47.059954466062436,37.012905991309005,12.208184782266246,0.05197915263057534,0.30884089896136624,22.546722830990685,15.136662321024307,20.19800860065766,7.102090581347675,-20.957720557418313,-2.0,-2.0,32.5041355900239,-49257836.0,1.6441164586959767
2025-10-01,LRCX,23.684089764599193,39.98265831925203,42.14587821779657,9.79203852620941,0.32008564303688447,0.22601640489854652,43.344322071222095,35.934261561255724,31.888717537820767,14.499045336691484,-20.142382277884806,0.0,0.0,1.5891308603947334,602.0,1.575740963087946
2025-10-01,META,19.37523366981788,39.024010887527936,25.960781058656114,,0.4402058107994743,0.39901568748077515,-2.0409810701360165,-9.451041580102393,-4.619418607325643,12.723700842003227,-17.040828445496935,0.0,0.0,7.401165307647754,-40657556.0,2.2207122938030732
2025-10-01,MPWR,34.30042841418122,352.9010280430684,23.838540261356943,17.152650189521406,0.25977785395092284,0.3265301629930595,22.14558648351115,14.735525973544771,9.809409286241166,-5.453586785574672,-1.9144078210332038,0.0,0.0,9.3521867773202,-87078571.0,12.316164476429915
2025-10-01,MRVL,37.05317395669552,-89.2949580701936,,10.020081318494624,0.012868180624473041,0.1465949771247702,16.18968258985618,8.779622079889805,13.379266446240766,36.17145777035802,10.669017306004246,-1.0,1.0,23.07433919933097,-153495.0,0.507553006661432
2025-10-01,MSFT,14.932156232406712,15.539620586366532,37.86211209562867,13.627554200529042,0.4562195624085985,0.48331700529596344,3.38708304779618,-4.022977462170196,1.450076995787808,6.372936331993895,17.47939871035451,2.0,3.0,56459.03252121344,-138331712.0,-0.39444106961781245
2025-10-01,MU,58.21908193346124,-504.4834307992203,32.64956791054197,6.018371820301756,0.22588945080294562,0.28172596338686307,49.01012198429826,41.60006147433188,38.27083472929629,47.332460144482845,0.9028505186834401,0.0,0.0,4.809397380999002,-47995103.0,11.126371551801384
2025-10-01,NBIS,,,,,,,151.05320852494145,143.64314801497508,51.79127101458243,14.278002219384533,-8.744918741438301,0.0,0.0,21.97113633914398,0.0,-9.800191827038374
2025-10-01,NFLX,14.843829686794452,44.44263560155184,49.88921872087372,11.93351543752686,0.2951066604821225,0.2175523993934452,-9.11137821347996,-16.521438723446337,-3.042171723138354,-5.060903370071957,7.422195828173739,0.0,1.0,2.767872450286851,-405477613.0,6.016744400614571
2025-10-01,NOW,21.115017579105988,44.93891797556719,114.77106442241548,15.704284093647521,0.1327859334826242,0.3966990130214813,-9.991028757648513,-17.40108926761489,-0.623363971873403,-7.908944108360849,22.49570338048674,1.0,0.0,10.874837501229534,-22421042.0,3.186003781794433
2025-10-01,NVDA,71.55346963356766,63.3628251806297,,27.70421868052651,0.5809294386810154,0.2868997324746698,14.962282974079999,7.552222464113623,5.515492116453746,13.464243937123467,8.49006762672282,1.0,1.0,27455.503603523008,-1609346404.0,-3.2471749026749985
2025-10-01,OKLO,,-179.81116641115057,,,,,114.96384136687965,107.55378085691328,36.45405525592986,67.11149673843329,-21.425939057086097,-2.0,-3.0,1782.1361690928493,-238480035.0,20.279480785251792
2025-10-01,ON,-17.93043299815309,-75.79979360165119,45.18691446179541,3.1071018114493603,0.0740295055322873,0.31076139276114273,-16.30604450233587,-23.716105012302247,-4.851681698850319,-0.5997786416548911,26.086793974963296,-1.0,0.0,27455.503603523008,-1043040.0,13.919345541522144
2025-10-01,ORCL,9.668308092539245,15.023688046647221,66.1465397587529,13.755539327729597,0.30438171405333964,0.49027415364803956,22.82094954644993,15.410889036483555,10.72203207994984,60.11645334635971,9.03843134643676,3.0,2.0,9.533688279688873,-1943577417.0,-4.630463042032318
2025-10-01,PANW,14.873871068203059,-56.00946617008069,187.1493240287401,14.97822719061639,0.1347828444396248,0.5271593558531692,0.3591213733532328,-7.0509391366131435,8.76837315899197,-28.10519543958342,1.2874743273460387,2.0,1.0,10.824939386565948,-492358065.0,3.6750438745517977
2025-10-01,PLTR,38.79037394800524,84.66942008869628,616.499989827474,127.49949221214212,0.16553803173702628,0.19261102829255589,29.218186710515216,21.808126200548838,10.134779866817523,-11.78710198202878,-29.87293747493479,1.0,1.0,9.186473228169085,-447029724.0,-1.8599635026590011
2025-10-01,QBTS,120.19572953736657,318.3405399783058,,391.0230610234296,-3.531358024691358,-2.4458361391694723,56.37583962909689,48.96577911913052,36.17622242636915,46.16412651082706,-26.193260686392993,0.0,0.0,64.20406172506281,-45725338.0,25.595004606883375
2025-10-01,QCOM,15.82414051622576,32.897153351698805,15.843598738960596,4.109197644178985,0.2778445605437145,0.29330990799389706,5.075288960894531,-2.3347715490718457,5.007843903975573,7.930729397069913,15.68904180440307,0.0,0.0,65699.41007422352,-28365620.0,1.405495188046535
2025-10-01,RDDT,91.52733093127021,-131.48470471810694,36.83636474609375,,0.07873883573954195,0.24011807827841677,39.10059361039622,31.69053310042984,-8.275319878636978,2.8796280269071772,-6.731018129182587,0.0,0.0,117.63765975938513,-25825827.0,1.535044677522146
2025-10-01,RGTI,-37.19289903312728,142.463335343699,,1219.4700958934336,-9.760757097791798,-7.326056782334385,120.94744541644084,113.53738490647447,58.736070098283946,95.07317199312641,-32.99832581437555,0.0,0.0,142.80524994825814,-29769700.0,34.0033483712489
2025-10-01,SAP,,,,,,,-13.445316673489815,-20.85537718345619,-1.4317014348158574,-10.77062858640735,13.926073224526059,0.0,0.0,6.529472724613858,,3.8779116421527204
2025-10-01,SHOP,,,116.8515682220459,,0.12124886329190664,0.17682125896736384,30.834506406135386,23.42444589616901,6.0204225556663715,5.261562414258458,-10.63907447205109,-1.0,-1.0,75.94693763734867,0.0,8.738377632821948
2025-10-01,SMCI,85.89618210481082,-0.012964851905161723,48.64438197738945,1.4166565432274139,0.057026743349571245,0.03906714724102566,4.73810257935916,-2.671957930607216,11.186096623776942,-9.79131010751557,25.229419874082893,0.0,0.0,-2.6270403430006795,-77136837.0,4.638290386496768
2025-10-01,SNOW,28.365202887720955,35.668207471479406,,,-0.3740774512154915,0.2594562996685785,3.8981565539423224,-3.511903956024054,7.455066765953422,-20.675116509822633,8.995649688972996,1.0,0.0,11.032307624495726,-34399723.0,7.360659725037344
2025-10-01,TSM,,,,,,,24.818860783988583,17.408800274022205,16.268575467593173,13.329518728122958,-7.4121502360352975,0.0,0.0,,0.0,2.0938229913328943
2025-10-01,TXN,3.622918220233662,-4.245640636846093,32.145584915412186,,0.3489055472263868,0.3100449775112444,-16.03408239473868,-23.444142904705057,-4.432908275194968,-1.1335877772617575,22.173877917109564,3.0,3.0,9.454586837358397,-308102.0,0.24946173556188445
2025-10-01,UBER,15.010359719413868,195.74561403508773,30.865814891486124,4.375817367460977,0.09843288765410661,0.09465619031081784,-0.03104178340888053,-7.441102293375257,3.202140142452281,7.569577203625788,7.2296800953489,0.0,1.0,1.4777468830413785,-62155749.0,-3.7056224080709743
2025-10-01,VRT,26.30730982374756,62.8182000400882,77.25248199900942,6.778663195614783,0.1717506047943699,0.038552892016714316,25.913786948450657,18.50372643848428,18.6623059799333,5.317727351318213,-10.3867382533946,1.0,1.0,49.946240780652765,-34169967.0,8.175013805026254
2025-10-01,WDAY,22.386003581760573,-62.20130340333092,120.94271183013916,,0.05324178298063935,0.28658262044124266,-3.3143154914290096,-10.724376001395386,0.753145589009252,11.269521541086714,22.969888825089015,2.0,2.0,14.209267494848756,-171212700.0,5.79647347913983
2025-10-01,ZS,23.311687443000206,-28.121859078778634,,18.03416738028909,-0.048056293874375024,0.3044646414389205,-3.781990907015209,-11.192051416981585,8.196776783039294,-10.883230750729734,1.2553582282526898,1.0,1.0,82.415661143237,-96052091.0,1.9177080620300657
2025-11-01,AAPL,6.425511782832749,19.49517794657336,36.14038053210875,9.570761883560365,0.31970799762591884,0.36236216272067784,18.01910430151368,10.6788055824246,8.911067927924133,3.870554725252351,1.4684674572801093,0.0,0.0,57379.72113388604,-87179044.0,1.0047024584026287
2025-11-01,ABNB,10.233222275107101,-45.809248554913296,,,0.22495682210708118,0.5613982728842832,4.5612332057333616,-2.7790655133557163,1.6078683556288276,-17.52751526219578,13.770757230738816,0.0,1.0,83.84740854862858,-348805477.0,-9.889590389369873
2025-11-01,ADBE,10.665011696185612,29.794776119402975,21.256089791292553,6.16583404402784,0.36245200811009015,0.3070618178680816,-0.21697412721334297,-7.557272846302421,-2.983836888984359,-15.245060666546618,35.1308041675908,-1.0,0.0,19.551735758602184,-50344.0,-3.935164231268029
2025-11-01,ADI,7.075547944442917,18.243497494308826,59.32031421710159,10.985615734529759,0.24614686243446607,0.43597269417563356,4.95912998824295,-2.3811687308461282,-3.9740005965615333,-5.680161589519727,16.62376808146584,0.0,-2.0,12.821539064310112,-22551986.0,-0.5521988493434216
2025-11-01,AMAT,6.550234601921501,-8.295302013422823,27.659796077105376,6.6343876445355505,0.3013665117254395,0.28581414042568065,26.449975514262846,19.10967679517377,17.585099552284554,-23.1003162362743,-8.107915117028409,-1.0,-1.0,20.428574163053224,-100373.0,-5.578609618220853
2025-11-01,AMD,21.83576867668244,55.20262869660459,146.35428292410714,14.034683516218855,0.07658783783783783,0.0993581081081081,48.25191205192652,40.91161333283744,33.905788634531,-12.450077257295566,-11.974224113165944,2.0,-3.0,90.355150416535,-57731300.0,-21.517425931256284
2025-11-01,AMZN,11.481823107487488,53.36889387984278,34.49435045490157,3.775301452339193,0.11022377157074045,0.18904285941590845,9.668147893151069,2.327849174061991,8.305875247614525,35.90984770970324,15.103751360923878,1.0,1.0,54296.79632211094,-5698214367.0,-13.114172267162893
2025-11-01,ANET,25.97261547543621,32.06435363876847,,24.92585750124128,0.431381471347151,0.21973741072160738,13.29933233201408,5.959033612925002,8.271002760815382,-27.638393353632328,-1.4820605166799061,0.0,0.0,31.23061674246089,-1021577865.0,-25.483848572854406
2025-11-01,ARM,17.843866171003707,64.85849056603774,257.3030414003315,43.63974466303025,0.18514923562242175,,22.613723699796928,15.273424980707851,10.733642664514598,-19.048259530610924,-5.116930966220023,0.0,-1.0,2.0164879250817456,0.0,-22.00022940651377
2025-11-01,ASML,,,,,,,46.902926592731454,39.56262787364238,14.711607906652535,-21.007300520938966,-3.5825268194011772,1.0,3.0,153.8689909045914,,-9.397090487073056
2025-11-01,AVGO,28.005980988999248,271.57998037291463,,28.963488417330918,0.3771818576244034,0.3078797183192604,21.40973970343838,14.069440984349303,9.030966129525119,-17.878848883609177,-4.099925136184146,0.0,0.0,1.4370099212763,-500001735.0,-6.164663590950004
2025-11-01,BKNG,12.957660940482384,0.1588562351072298,32.85667762858232,,0.32735512116440724,0.4059679711202427,-5.908869595117827,-13.249168314206905,-5.651604263826437,30.907462017992458,17.11341698221174,1.0,2.0,-1.210125705967563,-33766198.0,-5.21910703955214
2025-11-01,CRM,6.496640614287674,13.35227272727273,39.1930458762429,6.467851722781331,0.20471751557913168,0.2598496163155997,8.462629278884105,1.1223305597950262,5.3431729155889895,-17.609925428670593,28.570639190409473,1.0,2.0,-4.328987568455885,-20522135.0,-13.097883689938893
2025-11-01,CRWD,30.4869746038817,-317.42455257924905,,,-0.08722646922371324,0.2955894609248988,27.92056874316664,20.580270024077564,14.223920524002164,-24.829554357574125,-13.192743311175736,1.0,9.0,3.547059668892446,-50897692.0,-11.097617658172808
2025-11-01,CSCO,5.298961024478199,-1.3565891472868241,28.258577234604783,5.036804337117221,0.20757581106364953,0.2368941292759558,2.453623975080421,-4.886674744008657,6.649629102193955,-14.34467960122241,-1.404054563991819,-1.0,-2.0,10.546424620500133,-12315364.0,2.216263997859036
2025-11-01,DELL,9.730138986533987,46.61976139492199,23.609037960276886,1.06815590026388,0.06668243782712836,0.0527052468679461,18.150735311457677,10.8104365923686,15.689803584245944,-25.824537414362236,1.3347034600242669,0.0,0.0,1295.8329185842754,0.0,-23.48385826040885
2025-11-01,FTNT,14.458310006681963,47.734023916520684,34.43426306979115,10.440494206857567,0.3087457990817148,0.43662727401820794,16.184972461772528,8.844673742683451,4.651247628351096,-36.70509851760737,9.958390259713834,-6.0,-6.0,19.357390166551717,-62641735.0,-9.89487701654398
2025-11-01,GOOGL,13.422625265183497,31.804729020144485,27.703935749321325,8.792482499893193,0.3218791263810811,0.29473353792833296,39.72866227937391,32.38836356028483,15.327655599628764,11.076300690923535,1.8561554756177712,0.0,-1.0,22.354732230954827,-14977720.0,5.618215839104734
2025-11-01,HPE,13.973121984838045,-31.859838274932617,28.29192217658548,0.958882406028176,0.00798185941043084,-0.03721844293272865,17.96755368967076,10.627254970581678,1.681072437166664,50.73056111266785,7.0769156580332115,1.0,0.0,5.872553714889113,-15852756.0,-16.244900075916323
2025-11-01,HPQ,2.676175283850979,-6.150017774617844,9.702224453000255,0.4562604449954532,0.058598819250242185,0.039041509020123925,7.039964918330277,-0.3003338007588008,0.03535327649912823,-7.76022122968808,11.438813315404062,-1.0,-1.0,-1.14828040004915,-1426606.0,-11.292115291778071
2025-11-01,INTC,-2.169705237155972,31.293367506407456,,3.262798328015098,-0.2284153005464481,0.06964386659129451,100.45112856714815,93.11082984805907,24.900840794194036,-6.869057738078754,-22.11594892204203,-1.0,-1.0,21.80214197356999,0.0,-12.658227848101266
2025-11-01,INTU,15.63401903592263,30.577117786027674,48.37896518665417,9.80294724724736,0.2614306197227975,0.039190696192448624,-10.711620523550824,-18.0519192426399,-0.09221621176387362,-31.36699714333726,22.383020127230303,0.0,0.0,23.65827267680989,-211824233.0,-1.9284428256276187
2025-11-01,IONQ,67.82566896330718,183.32316254546345,,321.131497462746,-7.0060912736299406,-1.4441283177391637,49.05616091405436,41.71586219496528,4.004803356274178,10.124267687006338,-78.75921806168007,0.0,0.0,38.33651139869515,-371473516.0,-28.578770557069898
2025-11-01,KLAC,22.107069707293636,42.82874838354731,37.81379845919116,12.687687971959924,0.05045121422589351,0.3235397187726884,32.419171503822255,25.078872784733175,16.551436916922313,10.148843461889602,-8.07678119147952,0.0,1.0,32.5041355900239,-49257836.0,-9.85770564932108
2025-11-01,LRCX,25.65846337380462,43.22636608297439,34.63632613091542,10.084221745496821,0.3300290407389055,0.280126857232224,55.05742932817499,47.71713060908591,22.03382505460052,-2.994587021369821,-8.913742988348993,0.0,0.0,1.5891308603947334,-8667966.0,-11.529405396113724
2025-11-01,META,21.270971086944,5.379906373784649,28.638976564229964,,0.4322646707977494,0.37657950574797583,-15.665210224662252,-23.00550894375133,-12.194833015804907,78.77854771540068,-6.804328956115513,0.0,0.0,7.401165307647754,-44402355.0,-6.815004927005564
2025-11-01,MPWR,34.30042841418122,352.9010280430684,26.15844151663069,18.82189898872104,0.25977785395092284,0.3265301629930595,25.175180652181893,17.834881933092817,7.97436634832045,31.95482924911943,2.0536665255780573,1.0,1.0,9.3521867773202,-105631772.0,-13.106490695253314
2025-11-01,MRVL,37.05317395669552,-89.2949580701936,,11.204009000794569,0.012868180624473041,0.1465949771247702,21.28532529502085,13.945026575931774,18.645688853387,-25.66443856696321,-0.2622740043335625,-3.0,-1.0,23.07433919933097,621805.0,-14.296788847055552
2025-11-01,MSFT,15.587552618120304,15.90949266395616,36.59681426003511,13.019119994962633,0.46266660313397684,0.5004526704150953,-0.6472232180590343,-7.987521937148112,0.7754753894178679,15.758119356727619,20.11644241727557,1.0,-1.0,56459.03252121344,-102794490.0,-8.515245480123568
2025-11-01,MU,48.85110111106685,997.5578406169666,29.453403236680664,6.710487262440682,0.2613837016426775,0.2548557975279576,88.33386606491673,80.99356734582766,31.823838127115444,-16.47162046760289,-11.280629450595846,0.0,0.0,4.809397380999002,-118884683.0,-11.644655683475003
2025-11-01,NBIS,,,,,,,90.20065374528072,82.86035502619164,27.42936557501505,-6.099150266699516,-19.354843224757445,0.0,0.0,21.97113633914398,0.0,-30.88735677548745
2025-11-01,NFLX,15.408162836372451,34.0633852650259,46.736007346246474,10.929239813540844,0.29144904397626425,0.22071905791187751,-7.657389790499569,-14.997688509588647,-6.415840726699063,77.55724527482077,15.843356775347672,2.0,4.0,2.767872450286851,-338389644.0,-5.180489767045104
2025-11-01,NOW,21.053134556574914,29.56586826347305,111.02415628479298,15.063506499865893,0.13854898555301176,0.3775953264387779,5.360399287768103,-1.979899431320975,-0.2053023935490672,1.8710035658820567,22.20841123969608,1.0,1.0,10.874837501229534,-22421042.0,-10.987700331711348
2025-11-01,NVDA,71.55346963356766,63.3628251806297,,29.96062414493964,0.5809294386810154,0.2868997324746698,10.838217784803028,3.4979190657139503,11.309226635956593,-0.6749953551091203,4.239093773212321,2.0,2.0,27455.503603523008,-1896905502.0,-13.534412288416576
2025-11-01,OKLO,,-179.81116641115057,,,,,76.27456825598544,68.93426953689637,14.940642022747008,-8.53171142232143,-26.125382106598526,-2.0,-3.0,1782.1361690928493,-238480035.0,-30.393937441011776
2025-11-01,ON,-13.270713888775942,-73.32195676905575,46.80374002902307,3.218276511217322,0.0740295055322873,0.31076139276114273,5.077637413744096,-2.2626613053449818,-0.3434613657127161,20.973106482101024,17.062695400395423,-1.0,-1.0,27455.503603523008,-1043040.0,-7.451443499312738
2025-11-01,ORCL,9.668308092539245,15.023688046647221,60.2086031878436,12.520712527648973,0.30438171405333964,0.49027415364803956,5.205243230949597,-2.135055488139481,-5.4601713606667435,-20.985321645895148,26.705506691016478,2.0,-1.0,9.533688279688873,-1974269501.0,-22.916428546803946
2025-11-01,PANW,14.873871068203059,-56.00946617008069,199.31222216575932,15.9516672633394,0.1347828444396248,0.5271593558531692,31.832879631114697,24.49258091202562,7.739814617384622,-35.64703685281047,-3.8244333964538524,4.0,5.0,10.824939386565948,-349744822.0,-16.571638251640497
2025-11-01,PLTR,38.79037394800524,84.66942008869628,668.2333374023438,138.19856059019028,0.16553803173702628,0.19261102829255589,7.2261414322220885,-0.11415728686698934,14.691654188502334,-27.724188479503255,-34.50391619669413,1.0,1.0,9.186473228169085,-444807146.0,-25.258223970573024
2025-11-01,QBTS,120.19572953736657,318.3405399783058,,565.4044343746798,-3.531358024691358,-2.4458361391694723,119.28995390423553,111.94965518514645,39.199812416780254,12.657990952015874,-48.956648770391496,0.0,0.0,64.20406172506281,-48358254.0,-38.31973480418406
2025-11-01,QCOM,15.82414051622576,32.897153351698805,17.214887683518263,4.464855307144687,0.2778445605437145,0.29330990799389706,23.29186303185957,15.951564312770493,9.203012496432073,87.81308159533177,6.305632620757717,0.0,0.0,65699.41007422352,-28852190.0,-9.639226074135031
2025-11-01,RDDT,76.35142767725365,-162.05031144758706,34.03094412837821,,0.13810100356714197,0.269906216823847,-3.0124421739779583,-10.352740893067036,-6.544858075296533,15.090850442649728,-1.943578903405896,0.0,0.0,117.63765975938513,-42902531.0,-10.488828396980733
2025-11-01,RGTI,-37.19289903312728,142.463335343699,,1808.5742383087133,-9.760757097791798,-7.326056782334385,186.72280868458847,179.3825099654994,42.43291063237942,8.840694439692133,-41.26948332696402,0.0,0.0,142.80524994825814,-32552589.0,-39.69836197167977
2025-11-01,SAP,,,,,,,-10.992050809517352,-18.33234952860643,-3.185515606232625,17.44736088128498,19.34233848407225,0.0,0.0,6.529472724613858,,-10.327323481050922
2025-11-01,SHOP,,,135.82812547683716,,0.12124886329190664,0.17682125896736384,16.208809505426956,8.868510786337879,13.200274712288795,10.097777437137845,-20.811877312257355,0.0,1.0,75.94693763734867,0.0,-14.536833025757655
2025-11-01,SMCI,85.89618210481082,-0.012964851905161723,48.245124498117605,1.4050290808679198,0.057026743349571245,0.03906714724102566,16.502244085551165,9.161945366462088,7.570956532129958,8.00559918943604,26.265768790781262,0.0,0.0,-2.6270403430006795,-77136837.0,-36.57143127742072
2025-11-01,SNOW,28.365202887720955,35.668207471479406,,,-0.3740774512154915,0.2594562996685785,43.36828404953135,36.02798533044227,17.311866795657526,-27.276547944718278,-7.7492204365583355,1.0,0.0,11.032307624495726,-66189089.0,-15.555319907097243
2025-11-01,TSM,,,,,,,24.623828030129857,17.28352931104078,9.637749750448044,2.028001345060204,10.288748714617956,0.0,0.0,,0.0,-9.774978709184868
2025-11-01,TXN,9.89752402775126,2.4741431758264154,28.976092373367642,,0.34327580215452336,0.29943241051778063,-12.989455451389153,-20.329754170478232,-10.517285372354623,44.29306097612107,25.26879113652043,-2.0,-5.0,9.454586837358397,-308102.0,-1.2758693092084217
2025-11-01,UBER,9.812894768204039,44.761700300558175,30.830670926517573,4.370835040805695,0.09843288765410661,0.09465619031081784,7.748998024330911,0.40869930524183307,0.9304429452977825,-16.606690473994558,9.032348410586755,0.0,1.0,1.4777468830413785,-62212159.0,-15.894502888183315
2025-11-01,VRT,28.755245126679775,77.88097695218438,72.71777458910672,7.596926256648232,0.17604653321370006,0.03615812217031239,37.86492693901473,30.524628219925653,25.443966155980434,19.18835048543468,-5.845604435848662,0.0,-1.0,49.946240780652765,-34169967.0,-16.494242267351535
2025-11-01,WDAY,22.386003581760573,-62.20130340333092,124.95833237965903,,0.05324178298063935,0.28658262044124266,8.03800164633033,0.6977029272412505,2.4043153723651844,-44.12686279621173,19.018168254443957,3.0,4.0,14.209267494848756,-192507245.0,-5.2759986841797835
2025-11-01,ZS,23.311687443000206,-28.121859078778634,,19.61000385649787,-0.048056293874375024,0.3044646414389205,22.7831460188477,15.442847299758622,12.002434615989666,-22.639573929536418,-6.047511037109965,1.0,1.0,82.415661143237,-99232942.0,-18.217498215565175
2025-12-01,AAPL,6.425511782832749,19.49517794657336,37.878687963409014,10.031103646996346,0.31970799762591884,0.36236216272067784,19.12495037220525,13.988622688138053,7.554388762565911,-12.431876509004958,-3.1880663485905236,0.0,0.0,-0.8370431115057817,-87262744.0,-4.2847077429704505
2025-12-01,ABNB,10.175276752767527,43.144722524483136,,,0.22649250607050156,0.5443349242233945,-4.670197052281678,-9.806524736348877,-2.52195455410531,12.18500849748021,21.328221659797375,0.0,0.0,29.133542815913238,-408721403.0,15.277772247679945
2025-12-01,ADBE,10.665011696185612,29.794776119402975,20.165521930263314,5.849488916072497,0.36245200811009015,0.3070618178680816,-9.984385544235385,-15.120713228302584,-4.907910212571876,-15.514818467536761,40.74928986168067,-1.0,0.0,11.514272639125169,-50344.0,10.741828099783834
2025-12-01,ADI,16.89321605654812,38.65220058057584,57.89910032038104,11.731566409276393,0.26611379050277834,0.41093279521860243,7.0407329058791435,1.9044052218119445,11.132796116543986,44.999870339796175,5.484473965150638,0.0,-2.0,0.32303897033095624,-26698612.0,3.858830312397843
2025-12-01,AMAT,6.550234601921501,-8.295302013422823,30.28805429233556,7.264793009100226,0.3013665117254395,0.28581414042568065,57.512727011340694,52.37639932727349,13.431028612910945,-1.639034539519324,-10.025617341198533,1.0,3.0,31.959371076209585,-2145256.0,1.6722252589004283
2025-12-01,AMD,31.825478493517178,81.05147864184008,108.25615492947581,11.170864303778965,0.08783214163049927,0.09182876947575483,45.142321637649665,40.00599395358246,-0.1288858399362769,-19.714939429283397,15.210914783729779,2.0,-2.0,-23.257075405596122,-68305324.0,-2.188750308893972
2025-12-01,AMZN,11.481823107487488,53.36889387984278,33.03389899474753,3.615459494282929,0.11022377157074045,0.18904285941590845,-0.8310683028802335,-5.967395986947432,2.752276062103598,0.5216969370768876,20.049096746862062,0.0,0.0,1.8310425027444346,-5701742139.0,-2.330260002244322
2025-12-01,ANET,27.75061555413785,25.96553300303899,,19.09442436576323,0.4288243270627494,0.20680119730086494,-8.49938887463021,-13.635716558697409,-9.804555618952527,7.081861091881736,21.54077090868409,0.0,0.0,5.538071599003315,-1018973082.0,2.0451136560027505
2025-12-01,ARM,24.809052333804814,29.485179407176275,173.0897365472256,32.4672720244227,0.19537624660018132,,-2.9682369562521016,-8.1045646403193,-12.142564525437638,-26.12244149365417,24.66065822820638,0.0,-1.0,3.1512783836165204,0.0,-16.08769311534847
2025-12-01,ASML,,,,,,,36.88166139998048,31.745333715913283,7.373109503257536,5.59400389012199,-7.153290684173063,1.0,2.0,5.172764375887793,,-2.850205666116734
2025-12-01,AVGO,28.005980988999248,271.57998037291463,,30.252476921650636,0.3771818576244034,0.3078797183192604,11.888180177045736,6.751852492978538,9.703507902054698,11.258688190813526,-5.653706059188613,0.0,0.0,-2.8388862036817626,-500082495.0,-11.390552698503386
2025-12-01,BKNG,12.957660940482384,0.1588562351072298,31.653573152553175,,0.32735512116440724,0.4059679711202427,-12.171032944350468,-17.30736062841767,-4.5188829805554835,27.45687427006951,22.8527309133004,3.0,4.0,-2.539695447356242,-34730216.0,10.742966054804448
2025-12-01,CRM,6.496640614287674,13.35227272727273,35.042111945874765,5.782841803994772,0.20471751557913168,0.2598496163155997,-7.5453276754141925,-12.681655359481391,-4.408865266038742,-10.300527147875316,43.19749310437268,0.0,-1.0,19.507164621735587,-20553733.0,13.841503655960064
2025-12-01,CRWD,20.405591725076743,-366.7521750829671,,,-0.08722646922371324,0.2955894609248988,17.770875054449853,12.634547370382654,-1.5020190040578418,-19.524787545080237,-3.0104370626079513,1.0,8.0,-5.477989255892033,-58561359.0,-4.1636066155701705
2025-12-01,CSCO,8.909694956206593,9.964867454487392,28.937168194980696,5.1154730316009775,0.22124584026622296,0.22888935108153077,14.38271045029711,9.24638276622991,6.164838398600292,4.637722719695558,7.935541300283777,1.0,2.0,0.5044026646431974,-94333327.0,2.722240817110988
2025-12-01,DELL,9.730138986533987,46.61976139492199,19.248922011431524,0.8708889220655361,0.06668243782712836,0.0527052468679461,7.77287518060179,2.6365474965345914,-7.939839049026909,34.12776227468135,22.49221727090116,-1.0,-1.0,425.49080797107524,0.0,-4.148676257976335
2025-12-01,FTNT,14.777264131119994,22.4655206222629,33.67078176741738,9.273357708710531,0.31018963491845547,0.4221856072741697,1.8168231376103128,-3.319504546456886,-2.081633518782089,-8.27079280825236,12.26734685866,-2.0,2.0,6.360704127780048,-76668456.0,-0.0977778432572518
2025-12-01,GOOGL,13.422625265183497,31.804729020144485,31.024197035221807,9.846243940704648,0.3218791263810811,0.29473353792833296,34.545393733889654,29.409066049822453,16.99651446019159,62.7730882007351,-7.239296173035548,1.0,0.0,-5.3364464698732,-11565220.0,-1.5584521012331654
2025-12-01,HPE,13.973121984838045,-31.859838274932617,25.418705659754135,0.8615020743029868,0.00798185941043084,-0.03721844293272865,-6.144928218279533,-11.281255902346732,-6.633528403246958,-10.592871745291077,18.177597586473905,0.0,-1.0,7.594382546048775,-15359391.0,13.25684952851034
2025-12-01,HPQ,2.676175283850979,-6.150017774617844,8.552123160257826,0.40217535037014407,0.058598819250242185,0.039041509020123925,-16.064185469629944,-21.20051315369714,-7.212969305611338,34.631944924132526,10.29895953083324,-2.0,-2.0,-0.5660056735818919,-1426606.0,-3.8706707761031356
2025-12-01,INTC,-1.4894832893984966,-98.1183971994749,4000.999832153406,3.5683237336107947,-0.044574187391231125,0.06916297086397574,63.439538683415186,58.30321099934799,8.991746642084507,-30.176680663513487,-20.069979151215044,-1.0,-1.0,22.257299266167575,0.0,-9.097724424770615
2025-12-01,INTU,17.13682941531043,41.07571085988353,42.976970463008676,8.987983819207265,0.2668656409200844,0.06329439613029383,-5.792291328778642,-10.928619012845841,-4.780565710341744,16.998070133809474,29.260722186695133,0.0,0.0,0.6229255497071727,-58075562.0,6.901308314185406
2025-12-01,IONQ,113.07213963543194,754.9748474232454,,192.00057486412825,-6.044729194849442,-0.9473044741720527,14.898807267552039,9.76247958348484,-22.254746263801863,-29.019886682616093,-75.24052009523251,0.0,0.0,57.51450861246059,-376052946.0,14.303908809951249
2025-12-01,KLAC,22.107069707293636,42.82874838354731,36.26155104234164,12.16686140380857,0.05045121422589351,0.3235397187726884,27.518917028064728,22.382589343997527,2.1971647539595907,3.068672939884065,-4.141825988449,0.0,1.0,-8.181994480819332,-54092895.0,9.374515398127414
2025-12-01,LRCX,25.65846337380462,43.22636608297439,34.04900759261175,9.913226405139147,0.3300290407389055,0.280126857232224,47.611740271839786,42.47541258777259,5.13454647649243,-1.3319843724368785,-6.667231213420699,0.0,0.0,-3.657059531816203,-14916467.0,13.41077186863524
2025-12-01,META,21.270971086944,5.379906373784649,28.308570395538087,,0.4322646707977494,0.37657950574797583,-14.754418612374442,-19.89074629644164,-6.241955071211647,13.616356890653858,-5.4591065444348335,0.0,0.0,7.529918284545974,-63899721.0,3.3032407071439396
2025-12-01,MPWR,30.47502582807986,336.42807466804226,23.692255230546913,16.626057062753553,0.2600582720054236,0.31216598164052267,7.597454471137599,2.4611267870704,-3.304249598111797,17.556519901831713,11.729205974927304,1.0,1.0,-2.0454739473988535,-248230364.0,1.8107372675957967
2025-12-01,MRVL,37.05317395669552,-89.2949580701936,,10.88847047307285,0.012868180624473041,0.1465949771247702,38.12169557340055,32.98536788933335,5.7767337835749055,-9.572239646179614,2.879851086019203,-2.0,-1.0,36.0823041210635,1701916.0,-6.9154725902407455
2025-12-01,MSFT,15.587552618120304,15.90949266395616,34.46529165948946,12.26084228501499,0.46266660313397684,0.5004526704150953,-2.11742765103643,-7.253755335103628,-4.4000039798655415,19.286515257396108,27.95157519122824,0.0,-2.0,0.762597389889943,-97840334.0,-0.373907748471658
2025-12-01,MU,48.85110111106685,997.5578406169666,31.650202453372035,7.210992859138188,0.2613837016426775,0.2548557975279576,83.02949302905358,77.89316534498639,15.442951674247452,5.597400910845507,-13.152420511979967,0.0,0.0,7.775207639607663,-121871692.0,15.02535540634582
2025-12-01,NBIS,,,,,,,56.33781664489561,51.201488960828414,-9.088267657079975,8.394473112620581,54.60142883105617,0.0,0.0,39.537068990993085,0.0,-6.909633613093035
2025-12-01,NFLX,15.408162836372451,34.0633852650259,45.58479417436005,10.66002800991286,0.29144904397626425,0.22071905791187751,-12.328481737223873,-17.464809421291072,-4.722245159270644,-9.496291887522801,18.793546414511276,3.0,4.0,-2.0774313567307265,-332885603.0,-14.56977393627341
2025-12-01,NOW,21.053134556574914,29.56586826347305,99.28381730968825,13.47060385254947,0.13854898555301176,0.3775953264387779,-12.483363772505918,-17.619691456573115,-7.63833239324756,6.457999566248529,36.773631197148674,1.0,1.0,-2.6670223045791355,-19959632.0,-4.7039842836720025
2025-12-01,NVDA,65.2190802426083,57.269916765755056,,23.502433222819114,0.5884355195519979,0.2532889463615864,6.904023823469285,1.7676961394020863,-3.7319343169719077,24.891591269783795,34.188820213756244,2.0,2.0,-1.103079075761535,-1751015963.0,2.1010565531310643
2025-12-01,OKLO,,-174.14498643941832,,,,,23.529410495509318,18.39308281144212,-29.103453471336003,-31.571522551099406,18.475273897532407,-2.0,-3.0,87.8729202318546,-240214091.0,-4.487177359841754
2025-12-01,ON,-16.130606270076854,-81.70648464163823,65.49350688983867,3.3032936662857293,0.0473027570380426,0.3213581563722163,3.1710294664285987,-1.9652982176386002,1.587775115054102,2.2799019100583573,19.21475240171613,0.0,1.0,-1.103079075761535,-1043040.0,11.77870035844386
2025-12-01,ORCL,9.668308092539245,15.023688046647221,46.06952314023618,9.580412515552807,0.30438171405333964,0.49027415364803956,-15.595144962767183,-20.73147264683438,-23.45467207060805,-11.720461007644811,65.35684244963025,2.0,-1.0,13.874057283744529,-1974269501.0,-1.274009340031279
2025-12-01,PANW,15.304891291233314,-59.13829047949966,173.82407011809175,13.593516281086258,0.1324097230215451,0.6323626356378248,-4.889051026725221,-10.02537871079242,-9.329855091072192,46.5659002245987,18.13509031442795,0.0,-2.0,12.87166332585495,-332848643.0,0.9375218695361731
2025-12-01,PLTR,47.228471948783564,125.66798334315004,398.78572736467635,102.45497299572293,0.21807711843678,0.17008913641446727,7.296604064253076,2.160276380185877,-6.696990299592953,-12.794838231987061,-6.774821170311585,0.0,-1.0,12.482809418424251,-491753387.0,15.815863254871143
2025-12-01,QBTS,156.19694397283533,437.6142460435146,,306.9376666374879,-3.5520626242544733,-2.256502650762094,38.91050564405734,33.77417795999014,-28.110190727577866,-48.89376527623771,13.99004005461797,0.0,0.0,78.15450499373412,-52885866.0,50.280105098293014
2025-12-01,QCOM,13.659463066577683,-45.365805561033326,33.03550369963199,4.0139882616014315,0.27899467076144885,0.28651431668322647,4.86768806739315,-0.268639616674049,-0.8161876899334453,-8.333078797617544,16.363593451643265,0.0,0.0,12.884886624984347,-29206371.0,4.207454711671477
2025-12-01,RDDT,76.35142767725365,-162.05031144758706,36.38436382678899,,0.13810100356714197,0.269906216823847,-2.861119207450602,-7.997446891517801,8.213991274799227,-23.471192968987054,-5.619445117866717,0.0,0.0,24.482986018660597,-83157517.0,4.364368964359877
2025-12-01,RGTI,-36.97754604322597,479.1580719153782,,1017.9437397838574,-10.749532959701094,-7.747397918334668,54.78548748118304,49.649159797115836,-33.94682318242506,-53.8018585284111,2.3454124484710848,-1.0,-1.0,34.07991325797419,-18521159.0,14.626858363467266
2025-12-01,SAP,,,,,,,-10.450180640087027,-15.586508324154224,-7.08414034394268,-2.878821424510969,34.737775265110486,0.0,0.0,119.44922732990726,,1.3301375488685485
2025-12-01,SHOP,,,110.57777687355325,,0.12172774869109948,0.17978683620044877,2.0927352845353964,-3.0435923995318026,-5.085987885554211,12.967704872684127,1.9008898062238044,0.0,1.0,-7.726863310043281,0.0,13.658895737126887
2025-12-01,SMCI,78.11696800285426,-24.42130048904184,26.307086494025288,0.9471678942724112,0.043987538627101974,0.0035830769593231727,-16.558443847447933,-21.694771531515133,-27.01734453225505,-13.45770440290951,96.37142354783393,0.0,0.0,88.28056617073892,-58363992.0,-7.00389153928459
2025-12-01,SNOW,20.548190345090166,22.43861930096507,,,-0.3740774512154915,0.2594562996685785,11.248452784280992,6.112125100213794,1.2436897179906037,-13.855643109492743,2.360066833751051,0.0,-2.0,33.050477239627654,-98745000.0,-9.984128437344985
2025-12-01,TSM,,,,,,,16.74725574301319,11.61092805894599,-0.8567536539074716,-7.402658876297474,15.176759366355054,0.0,0.0,,0.0,2.2218223504377965
2025-12-01,TXN,9.89752402775126,2.4741431758264154,30.178493304844316,,0.34327580215452336,0.29943241051778063,-8.696078148086405,-13.832405832153604,-0.5454985104878296,-5.035634570645109,20.277709917653517,-2.0,-5.0,0.6633204420862359,-2094096.0,6.339213203051197
2025-12-01,UBER,16.408056250744842,165.77930442249894,15.003466151615983,3.686512862575091,0.09934683347324884,0.08929339257560556,-8.255617703623408,-13.391945387690606,-7.582761663851157,21.996347409734042,22.565858301878315,0.0,1.0,-1.6082419120247269,-60017991.0,-6.133761785043901
2025-12-01,VRT,28.755245126679775,77.88097695218438,67.6000285598467,7.062268266848213,0.17604653321370006,0.03615812217031239,47.21508429573342,42.07875661166622,4.74478982925628,-6.339302072204989,1.282473677450091,0.0,-1.0,-19.727397124778225,-29358542.0,-7.2369082302708225
2025-12-01,WDAY,27.166276346604224,-53.51194786386677,90.02109962173655,,0.06727331816704582,0.2758097714223811,-7.96341471442018,-13.099742398487379,-8.50855159740208,45.12527666712265,32.79708110610298,3.0,4.0,14.805222119184236,-174314469.0,2.174829743101636
2025-12-01,ZS,30.699783325821773,-28.877413093959035,,13.692781647980468,-0.04734984851436784,0.4125541070536115,-13.607956851439972,-18.744284535507173,-19.830540176493685,76.88645612461897,29.40050852316327,1.0,0.0,7.537180672117398,-78483832.0,-4.616078503735476
2026-01-01,AAPL,6.425511782832749,19.49517794657336,36.37477680441521,9.632835134467236,0.31970799762591884,0.36236216272067784,5.449717240491103,3.841505872329276,-0.26771444144354506,-6.002368237933853,2.6742545209202717,1.0,2.0,-0.8370431115057817,-87262744.0,-8.619613429079553
2026-01-01,ABNB,10.175276752767527,43.144722524483136,,,0.22649250607050156,0.5443349242233945,13.109428816552393,11.501217448390566,8.306015840753878,-15.331914091596044,7.345751445653437,1.0,1.0,29.133542815913238,-413714649.0,0.43605883392836553
2026-01-01,ADBE,10.665011696185612,29.794776119402975,21.860711444995317,6.341218924914262,0.36245200811009015,0.3070618178680816,0.3498010892947878,-1.2584102788670393,3.0614821182253005,-15.92946362968406,24.525300470640765,-1.0,0.0,11.514272639125169,-50344.0,-11.722165687839503
2026-01-01,ADI,16.89321605654812,38.65220058057584,59.126094349643644,11.980181013966769,0.26611379050277834,0.41093279521860243,14.385689294736448,12.77747792657462,6.670541803204633,-18.255529655670223,4.7996460841926325,0.0,-1.0,0.32303897033095624,-33436263.0,11.408627631458534
2026-01-01,AMAT,4.386223138063006,-2.4940783056987548,29.601754767790126,7.166049727059594,0.2921954314720812,0.28828257191201356,18.382489104028863,16.774277735867038,4.934369917022785,-16.60517543043487,-5.816706340721966,1.0,4.0,31.959371076209585,-2044883.0,20.965512281882326
2026-01-01,AMD,31.825478493517178,81.05147864184008,105.49753874980756,10.886204950882508,0.08783214163049927,0.09182876947575483,-9.084731753387498,-10.692943121549325,-6.036627073655032,-51.76651454032039,17.975460253833408,3.0,2.0,-23.257075405596122,-95354933.0,11.782342903847166
2026-01-01,AMZN,11.481823107487488,53.36889387984278,32.60169594974841,3.56815618919174,0.11022377157074045,0.18904285941590845,2.4864603823653963,0.8782490142035693,-0.2665061094256349,-25.988760650466368,23.11032678678313,-1.0,-2.0,1.8310425027444346,-4964508607.0,2.1236192311672175
2026-01-01,ANET,27.75061555413785,25.96553300303899,,19.529641631546216,0.4288243270627494,0.20680119730086494,-16.73233460150523,-18.340545969667055,-2.8159135621882214,-30.959862599216624,21.155461710256063,0.0,0.0,5.538071599003315,-921450403.0,-4.723057559667454
2026-01-01,ARM,24.809052333804814,29.485179407176275,140.14102251101767,26.286923710260194,0.19537624660018132,,-34.45464126749781,-36.06285263565964,-22.179682634381738,10.88779355595657,52.776510593628466,-1.0,-2.0,3.1512783836165204,0.0,-0.7060099052453528
2026-01-01,ASML,,,,,,,8.49840130008146,6.8901899319196325,1.569446123995366,-30.88751490150813,0.131286085596094,0.0,-1.0,5.172764375887793,,16.868298056535203
2026-01-01,AVGO,23.874432853763516,292.2985581000848,72.29135701241484,25.589524528499478,0.3988917933225852,0.28879114686869,0.3653320249004999,-1.2428793432613272,-4.155183341899027,47.87212789650199,19.790721822301947,0.0,0.0,-2.8388862036817626,-519132918.0,-5.4139547916315145
2026-01-01,BKNG,12.957660940482384,0.1588562351072298,34.71918474477818,,0.32735512116440724,0.4059679711202427,4.56705139245368,2.9588400242918533,4.662018618765873,-40.59162029170431,12.005161801500996,3.0,4.0,-2.539695447356242,-35092146.0,-2.997996655187507
2026-01-01,CRM,6.934846325526367,18.63521482729571,36.00667317708333,6.435459441616846,0.21009354254677126,0.2895544156105411,10.359604351835916,8.751392983674089,6.03381848427913,-27.401686969102812,25.08117060555144,0.0,-1.0,19.507164621735587,-26642362.0,-12.6330675308573
2026-01-01,CRWD,26.62032690417899,-382.15714413848775,,,-0.08595061561808898,0.28108144103349536,-8.077262762116334,-9.685474130278159,-8.634857956266885,-15.873821022385147,9.91997159118636,2.0,4.0,-5.477989255892033,-84021793.0,-1.6976017278986233
2026-01-01,CSCO,8.909694956206593,9.964867454487392,29.313912999215734,5.182073463021023,0.22124584026622296,0.22888935108153077,9.526512846058388,7.918301477896561,1.8322628679669828,9.966556496985568,7.172245430490132,1.0,3.0,0.5044026646431974,-93828211.0,-3.090475203963039
2026-01-01,DELL,10.867319224173745,32.241685707032254,16.631861368815105,0.7993168075463306,0.06932462292247094,0.05136900758958594,-23.218557891244863,-24.82676925940669,-8.852098855030832,-32.64568982282009,28.53508878964872,-1.0,-1.0,425.49080797107524,0.0,-10.989445010604149
2026-01-01,FTNT,14.777264131119994,22.4655206222629,32.67901385271991,9.000212324069912,0.31018963491845547,0.4221856072741697,-8.154054472606841,-9.76226584076867,-3.6623078158732336,13.13750760366883,15.359701086191201,-2.0,3.0,6.360704127780048,-76581485.0,-2.73497345728847
2026-01-01,GOOGL,13.422625265183497,31.804729020144485,30.85815489939382,9.793546642143081,0.3218791263810811,0.29473353792833296,28.037257243856438,26.429045875694612,5.573959766107528,-26.305250787331392,-3.0763201951413466,1.0,1.0,-5.3364464698732,-11565220.0,4.198000060309814
2026-01-01,HPE,13.838085438311154,-97.80346820809248,,0.9147052044139456,-0.012742010730114299,-0.03589339864707255,-7.344852250016398,-8.953063618178225,3.6653671542350663,-45.65141598204251,8.471889667161015,0.0,-1.0,7.594382546048775,-27178172.0,-13.032681531582767
2026-01-01,HPQ,3.24128531152561,-8.864864864864863,8.17379429655255,0.3607807405711363,0.057401211682792296,0.03862917081110408,-16.591409679092273,-18.199621047254098,-10.259612291797627,-2.6976719309927066,19.323599890883326,-1.0,0.0,-0.5660056735818919,-3704809.0,-11.708857307193066
2026-01-01,INTC,-1.4894832893984966,-98.1183971994749,3690.0001525879693,3.290956179425866,-0.044574187391231125,0.06916297086397574,-1.4159732166061145,-3.0241845847679416,-2.8543406372470326,-33.44482542095935,-11.246616136230791,-1.0,-2.0,22.257299266167575,0.0,37.7602806718168
2026-01-01,INTU,17.13682941531043,41.07571085988353,45.07267291729267,9.426268313112908,0.2668656409200844,0.06329439613029383,0.8863760601993009,-0.7218353079625262,0.24796968392701846,-12.235856592494777,23.25060574149873,0.0,0.0,0.6229255497071727,-332243185.0,-16.454309478551778
2026-01-01,IONQ,113.07213963543194,754.9748474232454,,182.83246571224188,-6.044729194849442,-0.9473044741720527,-39.609694362154926,-41.21790573031675,-13.017351689498401,-27.663892827388626,-73.99895933945233,0.0,0.0,57.51450861246059,-22077218.0,3.3354743596802017
2026-01-01,KLAC,22.107069707293636,42.82874838354731,38.075913582962706,12.775635627013255,0.05045121422589351,0.3235397187726884,14.54264792472959,12.934436556567764,1.5293926723644935,-24.941681471774835,-4.39424491264091,3.0,5.0,-8.181994480819332,-55670017.0,19.265272174554603
2026-01-01,LRCX,25.65846337380462,43.22636608297439,37.71629080867135,10.98094060249667,0.3300290407389055,0.280126857232224,20.29033040913779,18.682119040975962,7.55687064948849,-1.067375455780184,-11.084342370760158,0.0,0.0,-3.657059531816203,-41674805.0,23.414025813354634
2026-01-01,META,21.270971086944,5.379906373784649,29.181340693160433,,0.4322646707977494,0.37657950574797583,-7.9699711403918405,-9.578182508553667,1.0133031305341822,-18.601781922174077,-8.286683405495065,0.0,0.0,7.529918284545974,-67332559.0,-5.757904017948845
2026-01-01,MPWR,30.47502582807986,336.42807466804226,23.170176036789698,16.259687614922672,0.2600582720054236,0.31216598164052267,-7.442866074821842,-9.051077442983669,-5.480298414920526,37.074002641254886,17.491699092329572,1.0,1.0,-2.0454739473988535,-244682083.0,14.80493758933088
2026-01-01,MRVL,44.95387247972622,-267.4132214628865,29.773851361191063,9.429233129041057,0.14803741675541812,0.13609125787535448,-8.068904078428984,-9.677115446590811,-2.8722306239248763,-36.7978649028342,30.323005202532105,-2.0,0.0,36.0823041210635,1766029.0,-7.585407677925571
2026-01-01,MSFT,15.587552618120304,15.90949266395616,34.244371308371484,12.182251057371575,0.46266660313397684,0.5004526704150953,-7.683098102837171,-9.291309470998998,-2.5122707952067946,-7.316318289582502,29.742209418756783,0.0,-2.0,0.762597389889943,-105471515.0,-6.095910254922843
2026-01-01,MU,45.43204784491648,206.7748583204534,27.11466510032973,7.59092710671341,0.3245415012289658,0.3308517678200038,45.27592704240286,43.66771567424104,18.963794782229982,26.922646255105988,-1.3383892224583471,1.0,1.0,7.775207639607663,-96383818.0,23.36249246593869
2026-01-01,NBIS,,,,,,,-31.389342761430584,-32.99755412959241,-14.614352718444179,-45.62953416145833,84.97500740259221,0.0,0.0,39.537068990993085,0.0,9.916627127261023
2026-01-01,NFLX,15.408162836372451,34.0633852650259,39.16457900427338,9.158657327377531,0.29144904397626425,0.22071905791187751,-22.783611464053287,-24.391822832215116,-10.24801638091095,-22.586666601518534,38.43189744323339,0.0,0.0,-2.0774313567307265,-250862257.0,-6.187490257827255
2026-01-01,NOW,21.053134556574914,29.56586826347305,92.50604012162212,12.551010368180329,0.13854898555301176,0.3775953264387779,-16.227358161909354,-17.835569530071183,-9.17535620889619,20.935115650968083,45.91109638940498,0.0,-1.0,-2.6670223045791355,-20061432.0,-15.022037541485645
2026-01-01,NVDA,65.2190802426083,57.269916765755056,,24.363315645995687,0.5884355195519979,0.2532889463615864,-1.3746547629184924,-2.9828661310803195,0.08001908919024192,-15.962154996957311,31.661726428057978,1.0,0.0,-1.103079075761535,-1511167138.0,-2.92824508427324
2026-01-01,OKLO,,-174.14498643941832,,,,,-46.753728677521465,-48.36194004568329,-29.246257490416117,-42.69238320362503,54.98088406289972,1.0,3.0,87.8729202318546,-299644182.0,16.68379848122099
2026-01-01,ON,-16.130606270076854,-81.70648464163823,70.32467730633624,3.546963235918126,0.0473027570380426,0.3213581563722163,6.426887557227023,4.818676189065196,4.89429437842599,-0.3939268613831204,11.468140903289292,0.0,1.0,-1.103079075761535,-3039291.0,11.340388392690448
2026-01-01,ORCL,11.0753099229971,34.28251892635925,36.28720735248766,9.089708451252411,0.3027844699018306,0.474212104823246,-32.35345321896141,-33.96166458712324,-12.422671530781804,3.791951109280345,59.22837188206027,0.0,-3.0,13.874057283744529,-70242743.0,-10.919400436949822
2026-01-01,PANW,15.304891291233314,-59.13829047949966,170.5555527298539,13.337909308462502,0.1324097230215451,0.6323626356378248,-15.423112802873383,-17.031324171035212,-7.628707225049447,-1.4351243475591025,20.629752269993418,0.0,-2.0,12.87166332585495,-341857700.0,1.1707677764854818
2026-01-01,PLTR,47.228471948783564,125.66798334315004,423.2142857142857,108.73109351431138,0.21807711843678,0.17008913641446727,-3.1651763106714803,-4.773387678833307,-1.9086831659317904,-26.937760090336848,-8.326300984528833,0.0,-1.0,12.482809418424251,-426760966.0,-1.5072076552470004
2026-01-01,QBTS,156.19694397283533,437.6142460435146,,374.716145513273,-3.5520626242544733,-2.256502650762094,-23.649636150276578,-25.257847518438403,-3.9930111389367307,-19.423878663946393,10.659657446015647,0.0,0.0,78.15450499373412,-81434434.0,-7.429784243130067
2026-01-01,QCOM,13.659463066577683,-45.365805561033326,33.799073605718256,4.106766039951956,0.27899467076144885,0.28651431668322647,2.476005598516684,0.8677942303548569,-0.9656213146332138,-30.35182295714004,11.55791350440003,0.0,0.0,12.884886624984347,-35012626.0,-9.602263138300893
2026-01-01,RDDT,76.35142767725365,-162.05031144758706,37.43810995393933,,0.13810100356714197,0.269906216823847,13.63389329498057,12.025681926818743,8.129336989480485,-23.331408104215967,-7.857616562912895,0.0,0.0,24.482986018660597,-126288981.0,-13.12993285665992
2026-01-01,RGTI,-36.97754604322597,479.1580719153782,,961.5118428282474,-10.749532959701094,-7.747397918334668,-48.76243383512089,-50.37064520328271,-23.952938113704604,-50.7004781304384,32.6185124419841,-1.0,-1.0,34.07991325797419,-20219026.0,0.29660887157942906
2026-01-01,SAP,,,,,,,-12.354321010889402,-13.962532379051229,-2.803652429316128,-35.522903856520806,34.27739320054444,0.0,0.0,119.44922732990726,,-4.989022040314806
2026-01-01,SHOP,,,119.23703794126159,,0.12172774869109948,0.17978683620044877,-3.280653545250478,-4.888864913412306,-0.2033494881987341,-30.0274142255638,-4.165555872212911,0.0,1.0,-7.726863310043281,0.0,-11.870231567659095
2026-01-01,SMCI,78.11696800285426,-24.42130048904184,23.047244454932027,0.829799605673448,0.043987538627101974,0.0035830769593231727,-50.11929054952313,-51.72750191768496,-21.99201361893841,-18.591582812436403,124.14653666426676,0.0,0.0,88.28056617073892,-31363992.0,4.134375425857484
2026-01-01,SNOW,28.479919164110036,19.542650313251396,,,-0.34278078255243893,0.24343872258146287,-12.329645208312867,-13.937856576474694,-10.389814256687202,-36.458534306094116,20.829358731673132,0.0,-1.0,33.050477239627654,-161996707.0,-4.711368371349812
2026-01-01,TSM,,,,,,,0.06254232111200242,-1.5456690470498247,4.043828610675804,-34.4013121371623,19.489379296087648,0.0,0.0,,0.0,2.0368644204441955
2026-01-01,TXN,9.89752402775126,2.4741431758264154,31.135032820875626,,0.34327580215452336,0.29943241051778063,-3.6131395921767506,-5.221350960338578,2.554287236756969,-19.912019164952532,15.970922855346693,-3.0,-6.0,0.6633204420862359,-2094096.0,9.514414728428777
2026-01-01,UBER,16.408056250744842,165.77930442249894,14.161178350861814,3.479553698599779,0.09934683347324884,0.08929339257560556,-17.697421344537865,-19.305632712699694,-7.674821528000553,-14.384965937578631,30.10365132643105,1.0,1.0,-1.6082419120247269,-60269116.0,1.6895987395201706
2026-01-01,VRT,28.755245126679775,77.88097695218438,61.108588452609084,6.384098561122368,0.17604653321370006,0.03615812217031239,-3.1721551197557374,-4.780366487917565,-7.29010012874266,-28.689870937110406,13.739686582736832,-1.0,-2.0,-19.727397124778225,-24298524.0,3.33693335139138
2026-01-01,WDAY,27.166276346604224,-53.51194786386677,90.62447205877505,,0.06727331816704582,0.2758097714223811,-9.850997364408443,-11.45920873257027,-4.5259284092498575,-4.539191555228495,31.184271048955313,0.0,-2.0,14.805222119184236,-168480656.0,-10.875159314916761
2026-01-01,ZS,23.23808852717002,13.144400948337642,,12.659406604097796,-0.04734984851436784,0.4125541070536115,-28.34432837219757,-29.952539740359395,-18.430761358119362,-18.104598230575508,41.32185385861262,0.0,-1.0,7.537180672117398,-22158441.0,-5.399647851760148
2026-02-01,AAPL,10.071002627855275,22.492979719188778,32.78466333316852,8.741584985770245,0.3238395195779779,0.36215299219268304,-3.254899139996581,-6.689443689523699,-3.285621729189714,27.879552268096152,9.572541923126266,1.0,1.0,-0.8370431115057817,-87262744.0,-1.3262290404108978
2026-02-01,ABNB,10.175276752767527,43.144722524483136,,,0.22649250607050156,0.5443349242233945,7.0234927669387215,3.5889482174116027,0.061563104737483165,-19.204660313271294,14.773722056794703,5.0,5.0,29.133542815913238,-331722856.0,-6.358996747673473
2026-02-01,ADBE,10.527784236224136,28.23741007194245,17.559880239520957,5.095386848416004,0.36627540073204595,0.2994656906054104,-10.30738979929804,-13.741934348825158,-10.594021572521706,30.17085481809032,46.22955901728281,-4.0,-3.0,11.514272639125169,-535667.0,-15.917926044648157
2026-02-01,ADI,16.89321605654812,38.65220058057584,67.77699119166324,13.733033307704872,0.26611379050277834,0.41093279521860243,36.54499354546699,33.11044899593987,10.998384190560095,-6.337049389789695,-0.5312919302064345,1.0,1.0,0.32303897033095624,-39618651.0,12.08421472779262
2026-02-01,AMAT,4.386223138063006,-2.4940783056987548,37.12688560573939,8.98774787334823,0.2921954314720812,0.28828257191201356,40.37110871952603,36.93656416999891,16.21962783838551,5.543449212969542,-7.75752584056656,4.0,5.0,31.959371076209585,-2044883.0,13.890334157081853
2026-02-01,AMD,31.825478493517178,81.05147864184008,116.61576144213745,12.033485279434027,0.08783214163049927,0.09182876947575483,1.3659341154034665,-2.068610434123652,6.994287248472331,-1.466211031813447,8.755606599790333,2.0,0.0,-23.257075405596122,-93137200.0,-20.168919197318434
2026-02-01,AMZN,11.481823107487488,53.36889387984278,33.79943545928783,3.699245125503212,0.11022377157074045,0.18904285941590845,-2.090749369414524,-5.525293918941642,2.9084443585625452,1.5014925527516043,19.293516136461708,-1.0,-2.0,1.8310425027444346,-46378561.0,-15.512842196202925
2026-02-01,ANET,27.75061555413785,25.96553300303899,,21.125937097789695,0.4288243270627494,0.20680119730086494,5.265512007471984,1.8309674579448654,8.811811092026023,6.725298129742541,15.657772668309677,1.0,1.0,5.538071599003315,-639326208.0,-7.906334608703636
2026-02-01,ARM,24.809052333804814,29.485179407176275,135.0769238594251,25.33702643870875,0.19537624660018132,,-30.85706967172075,-34.29161422124787,-12.941304232695883,48.47686583395734,57.037342915779796,-1.0,-1.0,3.1512783836165204,0.0,15.757971033415874
2026-02-01,ASML,,,,,,,39.92684812334759,36.49230357382047,21.839627690182706,61.75792169498282,-4.823333137572938,3.0,2.0,5.172764375887793,,3.230206745315356
2026-02-01,AVGO,23.874432853763516,292.2985581000848,69.2000095199489,24.495256613858075,0.3988917933225852,0.28879114686869,-5.007047057906022,-8.441591607433141,-6.455993012969197,-9.572289257270938,25.92031118207703,1.0,1.0,-2.8388862036817626,-553637855.0,-0.23254413440306765
2026-02-01,BKNG,12.957660940482384,0.1588562351072298,32.42747138031267,,0.32735512116440724,0.4059679711202427,1.44554002245747,-1.9890045270696488,-3.5540343379629524,-1.7750035581400092,20.295879485446267,2.0,1.0,-2.539695447356242,-34862894.0,-24.431053421357095
2026-02-01,CRM,6.934846325526367,18.63521482729571,28.854541048977545,5.157161499311976,0.21009354254677126,0.2895544156105411,-11.358747723966378,-14.793292273493497,-13.42728819264436,36.86638081308704,56.652994949791946,0.0,-1.0,19.507164621735587,-27571638.0,-15.48787620855977
2026-02-01,CRWD,26.62032690417899,-382.15714413848775,,,-0.08595061561808898,0.28108144103349536,-18.22956210969685,-21.664106659223968,-8.528037455284476,13.780137168150697,18.168122572803203,2.0,1.0,-5.477989255892033,-85407613.0,-20.17090538911146
2026-02-01,CSCO,8.909694956206593,9.964867454487392,29.96431151872436,5.297050024097123,0.22124584026622296,0.22888935108153077,10.790888383084884,7.356343833557766,2.369010287497919,-6.1660571325212965,6.202340821237184,2.0,3.0,0.5044026646431974,-93828211.0,-3.5962285768845192
2026-02-01,DELL,10.867319224173745,32.241685707032254,15.186505126953126,0.7298538946832838,0.06932462292247094,0.05136900758958594,-21.649170398522767,-25.083714948049884,-8.486882048987132,12.841608010896998,39.69517435030263,0.0,0.0,425.49080797107524,0.0,-0.01679031349445248
2026-02-01,FTNT,14.777264131119994,22.4655206222629,33.440330097214186,9.209888413963357,0.31018963491845547,0.4221856072741697,-0.6479994783766485,-4.082544027903767,1.1247444217117764,8.81794693777036,13.480535675707529,1.0,7.0,6.360704127780048,-14026721.0,-6.999633875412337
2026-02-01,GOOGL,13.422625265183497,31.804729020144485,33.322863564674854,10.575778740964978,0.3218791263810811,0.29473353792833296,21.300110024730067,17.86556547520295,6.300534610332931,-12.328534954848925,-4.863645337334132,2.0,2.0,-5.3364464698732,-5532514.0,-9.368916924222626
2026-02-01,HPE,13.838085438311154,-97.80346820809248,,0.8195027783130759,-0.012742010730114299,-0.03589339864707255,-7.678354293356405,-11.112898842883522,-4.90649054154736,-33.63625327877291,21.07317343744548,0.0,-1.0,7.594382546048775,-27178172.0,-9.132214271968653
2026-02-01,HPQ,3.24128531152561,-8.864864864864863,7.1318925101802035,0.3147925391983238,0.057401211682792296,0.03862917081110408,-25.146420466245978,-28.580965015773096,-13.749827968196971,20.61905435755107,32.27852566040108,-2.0,-1.0,-0.5660056735818919,-3704809.0,-7.370000201042226
2026-02-01,INTC,-0.46703451912393223,-100.13518431861903,,4.390880103233334,-0.04188976973870925,0.06992980530906477,21.872541093532515,18.437996544005397,13.314381187453318,69.63954513986667,-11.705827517767787,6.0,7.0,22.257299266167575,249985.0,-10.612579716111814
2026-02-01,INTU,17.13682941531043,41.07571085988353,34.01026044573103,7.1127319417818144,0.2668656409200844,0.06329439613029383,-22.965416116471616,-26.399960665998734,-20.325966742599057,57.62428592534226,61.25624302124204,-1.0,-1.0,0.6229255497071727,-358270064.0,-26.188619983026772
2026-02-01,IONQ,113.07213963543194,754.9748474232454,,162.90711097581763,-6.044729194849442,-0.9473044741720527,-32.54597733515047,-35.980521884677586,-17.217446668940106,15.332080109311551,-69.98499215258178,0.0,0.0,57.51450861246059,-13720159.0,-20.17634960986906
2026-02-01,KLAC,17.494814444272254,42.06572506557078,41.46344269553993,14.75418004589067,0.04957914764294119,0.3179472235011941,19.85686912872071,16.422324579193592,8.906379692776568,39.77691495141422,6.08280385973361,4.0,4.0,-8.181994480819332,-52469610.0,5.6111854502116865
2026-02-01,LRCX,26.84570532284112,44.71428205432775,47.84732951765432,14.179865477339149,0.3376458352342245,0.26692820983425913,46.74888246813844,43.31433791861132,26.726945474589936,12.980005776280844,-0.8653871276930736,1.0,1.0,-3.657059531816203,-41674805.0,2.008422147596134
2026-02-01,META,22.167038498246217,-3.0500320718409246,30.448028187692902,,0.41437855159579234,0.3550152762158773,15.340651219778433,11.906106670251315,10.621308509682791,27.287806896421827,-9.869327723572475,0.0,0.0,7.529918284545974,-69023346.0,-9.790342287495458
2026-02-01,MPWR,30.47502582807986,336.42807466804226,28.73775664202796,20.166741288936063,0.2600582720054236,0.31216598164052267,17.509996787147152,14.075452237620034,15.773314858893084,-6.663277207883478,-2.3609897282889425,1.0,0.0,-2.0454739473988535,-214612778.0,1.4353735757361097
2026-02-01,MRVL,44.95387247972622,-267.4132214628865,27.670547753049615,8.763127161703228,0.14803741675541812,0.13609125787535448,-13.1359581377666,-16.57050268729372,-7.53608978704432,-17.598627889456964,42.48688149098898,0.0,3.0,36.0823041210635,1517679.0,-1.1060309690224313
2026-02-01,MSFT,16.673287446237993,28.5843665768194,26.790639413305186,10.418795319152517,0.4667133732521861,0.5254687300501223,-13.22906363548081,-16.663608185007927,-9.61826722302691,62.85108794987882,40.21993564984432,-1.0,-2.0,0.762597389889943,-105471515.0,-8.980911679137693
2026-02-01,MU,45.43204784491648,206.7748583204534,39.41463862081898,11.03438480988097,0.3245415012289658,0.3308517678200038,74.44838213663556,71.01383758710844,40.55063239048127,40.21092903898229,-20.13190462336185,1.0,1.0,7.775207639607663,-100957030.0,-3.844213547301256
2026-02-01,NBIS,,,,,,,-23.445360014458004,-26.879904563985125,-8.900948997970593,-15.055741283411772,76.91546119856861,0.0,0.0,39.537068990993085,0.0,14.12204676846347
2026-02-01,NFLX,15.851068919677536,26.05218242140881,,7.80178447689944,0.29494704605507255,0.2246257422807976,-24.351702611909452,-27.786247161436574,-11.96010022323799,36.78193310418809,42.905056442939184,-1.0,-3.0,-2.0774313567307265,-268928451.0,-8.144037360063628
2026-02-01,NOW,20.88492352512745,22.666666666666657,,9.228950219703808,0.13737008585630367,0.3602199126374454,-32.11852892994788,-35.553073479474996,-22.497962775972745,95.71012753349078,75.69545017241283,0.0,-1.0,-2.6670223045791355,-18969996.0,-14.576268600205244
2026-02-01,NVDA,65.2190802426083,57.269916765755056,,24.96815282015245,0.5884355195519979,0.2532889463615864,1.589498308227144,-1.8450462412999746,3.9795535176091024,-8.507099921716621,30.764116967025746,0.0,-2.0,-1.103079075761535,-1230484777.0,3.200261677218297
2026-02-01,OKLO,,-174.14498643941832,,,,,-29.32090397860221,-32.75544852812933,-11.505994878524605,4.659890008147061,43.26383161493092,2.0,4.0,87.8729202318546,-421219460.0,-14.303181473981974
2026-02-01,ON,-16.130606270076854,-81.70648464163823,77.77921998655641,3.922947738657411,0.0473027570380426,0.3213581563722163,25.214294578520224,21.779750028993107,6.848736573392,-3.020605571844226,2.1205553903730134,0.0,1.0,-1.103079075761535,-3039291.0,12.904278561562133
2026-02-01,ORCL,11.0753099229971,34.28251892635925,30.721538228199893,7.695544684818483,0.3027844699018306,0.474212104823246,-31.031072526859194,-34.46561707638631,-15.642753094367535,5.274122728517883,83.98940520133567,0.0,-2.0,13.874057283744529,-72364353.0,-11.714358041509875
2026-02-01,PANW,15.304891291233314,-59.13829047949966,163.8611122413918,12.81438580731074,0.1324097230215451,0.6323626356378248,-16.637615140824845,-20.072159690351967,-5.723700967377765,13.236433038722772,28.1885413307867,0.0,-4.0,12.87166332585495,-302982054.0,-17.831489628207276
2026-02-01,PLTR,47.228471948783564,125.66798334315004,349.0238008045015,89.6702706052194,0.21807711843678,0.17008913641446727,-17.613666963386798,-21.048211512913916,-16.15326818266315,-8.995045896752895,15.814674612175006,1.0,0.0,12.482809418424251,-419556910.0,-11.613419762631638
2026-02-01,QBTS,156.19694397283533,437.6142460435146,,304.0717578007138,-3.5520626242544733,-2.256502650762094,-28.067798937781387,-31.502343487308504,-18.686727981370034,6.059467729703361,56.4561784839742,0.0,0.0,78.15450499373412,-83378535.0,-13.924655087777605
2026-02-01,QCOM,13.659463066577683,-45.365805561033326,29.953822213970497,3.639547677255885,0.27899467076144885,0.28651431668322647,-10.8405658831072,-14.27511043263432,-10.151427141615022,1.7314325384101048,23.676731199781507,-1.0,-1.0,12.884886624984347,-34862396.0,-8.00025328922519
2026-02-01,RDDT,76.35142767725365,-162.05031144758706,29.35993554926074,,0.13810100356714197,0.269906216823847,-7.35430024870618,-10.7888447982333,-19.260492670369832,-2.365335924011258,29.805288985477183,0.0,0.0,24.482986018660597,-160570453.0,-19.582268347628563
2026-02-01,RGTI,-36.97754604322597,479.1580719153782,,788.7435918026451,-10.749532959701094,-7.747397918334668,-46.19484800120372,-49.629392550730834,-25.9479632275607,-9.875384365269756,71.22240495585461,0.0,0.0,34.07991325797419,-20142104.0,-9.542624020747127
2026-02-01,SAP,,,,,,,-20.209561026198642,-23.64410557572576,-15.925553096574985,108.92349478051293,62.24294943241952,0.0,0.0,119.44922732990726,,-5.076474065040227
2026-02-01,SHOP,,,97.20740424262154,,0.12172774869109948,0.17978683620044877,-13.89673080877687,-17.331275358303987,-16.435305665716836,34.845959419270315,25.835051977129297,0.0,0.0,-7.726863310043281,0.0,-11.285929283936868
2026-02-01,SMCI,78.11696800285426,-24.42130048904184,22.921260323111472,0.82526363682432,0.043987538627101974,0.0035830769593231727,-26.785709659886525,-30.220254209413643,-7.980500627253406,23.158876144961347,86.43568338548766,0.0,0.0,88.28056617073892,-7363992.0,3.365870181135855
2026-02-01,SNOW,28.479919164110036,19.542650313251396,,,-0.34278078255243893,0.24343872258146287,-26.691011303787725,-30.125555853314843,-14.363778119282655,-8.95490007751154,37.93461557313462,0.0,-1.0,33.050477239627654,-216771684.0,-17.348430796571556
2026-02-01,TSM,,,,,,,15.690192443417539,12.25564789389042,7.6708136088710965,12.378148677870971,19.199288649214875,0.0,0.0,,0.0,8.401696483876586
2026-02-01,TXN,9.89752402775126,2.4741431758264154,38.93574067275889,,0.34327580215452336,0.29943241051778063,35.133571143623186,31.69902659409607,19.557551500918958,32.80385365747212,1.2132393631910876,0.0,2.0,0.6633204420862359,-2094024.0,-2.288783220079238
2026-02-01,UBER,18.245739482779165,258.13653928724773,10.289203477089695,3.355886208364267,0.09193710945373916,0.08790566418060874,-12.979666365134591,-16.41421091466171,-4.984934495502447,3.507232896605128,33.90279213341696,1.0,1.0,-1.6082419120247269,-60007866.0,-12.518549697712123
2026-02-01,VRT,28.755245126679775,77.88097695218438,70.22527154886498,7.336531024558379,0.17604653321370006,0.03615812217031239,3.5870210999492613,0.1524765504221426,7.795665427496634,-26.042033039081648,0.6195857987146836,0.0,0.0,-19.727397124778225,-24298524.0,29.161628615285593
2026-02-01,WDAY,27.166276346604224,-53.51194786386677,74.10548729232595,,0.06727331816704582,0.2758097714223811,-22.00115188035082,-25.43569642987794,-16.18562535073973,29.59894592257639,59.99544052139305,0.0,-3.0,14.805222119184236,-191458390.0,-25.47583165590508
2026-02-01,ZS,23.23808852717002,13.144400948337642,,11.257370913917235,-0.04734984851436784,0.4125541070536115,-37.49883178550476,-40.93337633503188,-14.368322871567473,1.8041140040784942,56.492179689201635,0.0,-1.0,7.537180672117398,-22306489.0,-28.577838421130252
2026-03-01,AAPL,10.071002627855275,22.492979719188778,33.40972514092168,8.9082492232006,0.3238395195779779,0.36215299219268304,-5.148428590887466,-5.4878010968410385,-0.3848117609898005,-8.225790172100023,7.52255166293434,1.0,1.0,8.633406612032946,-58604397.0,-4.997726842642125
2026-03-01,ABNB,10.259412718429118,-5.173716012084595,,,0.20782615799362797,0.5310834082182828,8.67921568694836,8.339843180994787,3.1173326842692584,37.55779218300654,11.020649339341082,8.0,8.0,41.80668671814433,-285987212.0,-0.5027751737682551
2026-03-01,ADBE,10.527784236224136,28.23741007194245,15.713173871982598,4.5595242337688235,0.36627540073204595,0.2994656906054104,-24.21590820154821,-24.55528070750178,-13.300698017802414,9.2219549552361,59.084844186076914,-5.0,-4.0,9.481157983215866,-535667.0,-5.075132338759147
2026-03-01,ADI,25.90774936715721,73.08765095641432,64.66372976355406,14.687929107298762,0.2924443870591954,0.428727435604054,26.931842735520473,26.5924702295669,15.248992670107775,25.93914723141788,5.934059676513015,3.0,3.0,24.345129253424382,-36652588.0,-11.135460110729012
2026-03-01,AMAT,2.0951691695313857,23.58505439066687,38.13720390124199,10.451099676168843,0.28159778833203375,0.25540511802651167,39.09116386481956,38.751791358865994,18.821824828697096,13.589939124603912,-6.3280413262057795,4.0,3.0,20.790810059139623,-6529095.0,-2.7916615902267017
2026-03-01,AMD,34.33779329067288,164.16819012797075,75.5509459297612,9.421239381725902,0.10664280146655504,0.08490429862293947,-8.14790769710243,-8.487280203056002,-8.4418575895292,5.526302301090302,30.08562794599079,1.0,-1.0,443.53517582738203,-86589136.0,2.0441031408737764
2026-03-01,AMZN,12.377754683294695,31.093032676208487,29.288702928870293,3.143303892741769,0.11155296795755199,0.19460082240237458,-8.508691187715211,-8.848063693668784,-7.322002980584119,11.563739469198664,32.99047619047617,-1.0,-1.0,4139.322094384241,-40366512.0,0.839771584589255
2026-03-01,ANET,28.595062847468846,23.118285979157484,48.54545454545455,18.626286685099437,0.42818437211987964,0.19400224302386265,3.8183403079097733,3.478967801956201,-0.182139105611423,22.241287972778867,31.285892634207247,1.0,1.0,-0.558015613377292,-319641299.0,5.088941744588182
2026-03-01,ARM,26.44829453167299,-0.6203473945409432,169.93332926432294,28.977070597095526,0.18668379362020981,,-9.808223657073212,-10.147596163026783,9.988071180798341,-32.67892333888762,25.254113345481223,-1.0,-1.0,4.000780045005774,0.0,10.066733429746177
2026-03-01,ASML,,,,,,,32.106698992257286,31.767326486303716,11.006945937445556,-18.85219216283245,-6.754639589269528,3.0,2.0,12.175295405466443,,-3.78774332482531
2026-03-01,AVGO,23.874432853763516,292.2985581000848,66.74574366155662,23.62650135765223,0.3988917933225852,0.28879114686869,-17.957811191007067,-18.29718369696064,-4.776777515688013,-31.900184246242226,29.438744927464278,1.0,1.0,9.358303181314863,-553391887.0,1.3695975626662582
2026-03-01,BKNG,13.38725304351489,-8.12648758925536,25.48223994179553,,0.3278597169075306,0.39272578667756436,-18.427607203822504,-18.766979709776077,-13.655431123122142,107.92962115057972,35.98086828760296,0.0,-3.0,38421.98450604131,-33686681.0,5.431864638059403
2026-03-01,CRM,6.934846325526367,18.63521482729571,26.47593555554666,4.732034215119445,0.21009354254677126,0.2895544156105411,-25.124000140542137,-25.463372646495706,-13.689304672239766,39.10226085356412,50.32833861089292,0.0,0.0,4834.772225471113,-27571638.0,1.1557447203562887
2026-03-01,CRWD,26.62032690417899,-382.15714413848775,,,-0.08595061561808898,0.28108144103349536,-27.35191498492091,-27.691287490874483,-15.551022803648252,81.43648901689767,41.017830002205,3.0,2.0,66.60580606772453,-104283547.0,7.392301951329827
2026-03-01,CSCO,9.003987005316016,20.56166321976707,28.322733048912436,5.265235113831941,0.22746977342771024,0.22362583398245672,2.4563126400923174,2.116940134138745,2.188379975911081,11.158532776632612,9.149396713303236,1.0,0.0,9.413838199389648,-92623201.0,-0.7554788650017796
2026-03-01,DELL,10.867319224173745,32.241685707032254,19.650626627604165,0.9443967691861835,0.06932462292247094,0.05136900758958594,7.067762454790638,6.728389948837066,22.053276461481317,43.84566359486695,8.14846902641959,1.0,2.0,35.81669525456927,0.0,7.189832362218307
2026-03-01,FTNT,14.167702071929877,6.199862479944995,32.65702428896565,8.635697554711685,0.3065915642096594,0.40697982234249075,-9.077311960261136,-9.416684466214708,-1.390245961130343,2.7514303249607464,17.270116234457046,-1.0,1.0,12.044237236670313,-56311431.0,4.533968583043757
2026-03-01,GOOGL,15.090081081544371,32.01422321660441,28.80247329584875,9.34289897808134,0.32032638592380025,0.28203288683235855,-2.8966339564716836,-3.236006462425256,-2.5700015617873495,2.5359924474864126,11.81443359089609,2.0,1.0,9.529426587804414,-386551.0,-1.3856658216187978
2026-03-01,HPE,13.838085438311154,-97.80346820809248,,0.8175986902004544,-0.012742010730114299,-0.03589339864707255,-7.419087623333631,-7.7584601292872035,-4.73681570094927,-20.782167816001195,20.179785735275434,0.0,0.0,16.92116548446681,-21507172.0,0.8585649746936097
2026-03-01,HPQ,4.3635621218308,-7.6894775570272245,6.993191169969964,0.3010844340030391,0.054918280602536056,0.015330167707055078,-25.834966134883665,-26.174338640837234,-7.499420861864126,32.640058402676516,19.58018391347338,-2.0,0.0,6.642294655463822,-3704809.0,0.6986547803134568
2026-03-01,INTC,-0.46703451912393223,-100.13518431861903,,4.309619946797641,-0.04188976973870925,0.06992980530906477,10.142479542177373,9.803107036223802,3.1494398049101147,-27.948408869186704,-9.785007075420316,6.0,7.0,13.251064058297114,-731015.0,-3.274728963663287
2026-03-01,INTU,17.207432865381243,42.90418175831412,26.413241841223773,5.631848635146706,0.2707618905620993,0.06113016251677352,-39.167891429465094,-39.50726393541867,-23.330974673874184,74.38990567754935,75.22164795204046,-1.0,-1.0,7.529028951571691,-357890354.0,9.058373712679057
2026-03-01,IONQ,201.850347085181,54.41749812300427,,107.00746335719596,-4.874130876199852,-0.5816899458528181,-27.1778327349686,-27.51720524092217,-10.350888875790043,14.196810104583646,,0.0,0.0,68.06380758624117,-10922184.0,-13.641104646378855
2026-03-01,KLAC,17.494814444272254,42.06572506557078,44.32624916842931,15.772869266843722,0.04957914764294119,0.3179472235011941,25.696279355213193,25.35690684925962,7.87948776141445,-21.55872043452174,2.1869143139367164,4.0,4.0,19.59013814104764,-19892910.0,-1.5322857178405647
2026-03-01,LRCX,26.84570532284112,44.71428205432775,47.935454507628016,14.205981887922894,0.3376458352342245,0.26692820983425913,47.37869558285701,47.039323076903436,9.360929334671585,-19.028015687287525,-0.8762910485881625,1.0,1.0,14.30856450720797,-49570955.0,1.1210151121223477
2026-03-01,META,22.167038498246217,-3.0500320718409246,27.544737288473822,,0.41437855159579234,0.3550152762158773,-3.6695256895876827,-4.008898195541255,-1.2969094662218517,-23.385183405783028,-0.3749276474614538,0.0,0.0,5.504826560785579,-129492450.0,-7.494765578368511
2026-03-01,MPWR,36.824295997885706,43.119044219582634,88.54762147040242,19.87702738919853,0.26111689868942706,0.2976800590870534,18.830741096147108,18.491368590193535,7.141578108428792,-26.94743888183988,3.3394958671431274,1.0,0.0,392.2404358187683,-482325939.0,-5.796544866854758
2026-03-01,MRVL,44.95387247972622,-267.4132214628865,28.641750938013978,9.070702461102782,0.14803741675541812,0.13609125787535448,-17.350342806887575,-17.689715312841148,-0.32438858996589603,-32.67461755416296,39.69710159488999,0.0,2.0,-0.2656867575157319,1517679.0,11.5013682932527
2026-03-01,MSFT,16.673287446237993,28.5843665768194,24.50851812595274,9.531285535619784,0.4667133732521861,0.5254687300501223,-18.528766093934557,-18.86813859988813,-11.637649966233877,9.815104840559208,52.05833110209559,-1.0,-1.0,10.540433548971738,-100927259.0,-3.901634667056897
2026-03-01,MU,45.43204784491648,206.7748583204534,39.176183780336565,10.967627824107874,0.3245415012289658,0.3308517678200038,73.9046379887579,73.56526548280434,14.081369620234408,-10.302765471109643,-17.623770352872604,1.0,1.0,-2.283940580917476,-111426225.0,-2.016143413344995
2026-03-01,NBIS,,,,,,,-6.9869424828169375,-7.326314988770511,-2.860184133199395,7.939982530245038,65.17709833025111,0.0,0.0,907.9205652620082,0.0,25.425776119651978
2026-03-01,NFLX,15.851068919677536,26.05218242140881,,8.993217638064175,0.29494704605507255,0.2246257422807976,-3.990423069876925,-4.329795575830497,11.45364251126626,16.314858249287155,24.00249651805808,-2.0,-5.0,877.9151095542031,-275279769.0,-3.821196028848528
2026-03-01,NOW,20.88492352512745,22.666666666666657,,8.519091656667207,0.13737008585630367,0.3602199126374454,-36.78893796691934,-37.12831047287292,-15.816490295914221,22.21411108621354,90.3353818479748,0.0,-1.0,378.7393285183327,-1617699.0,1.3982807575398937
2026-03-01,NVDA,65.47353579009479,64.74615806805708,36.117173798230226,19.918586727494553,0.6038168363141272,0.21951208217173449,-2.8616837100002623,-3.2010562159538347,-4.542048907218699,18.15826884254914,46.305590147269406,0.0,-2.0,2759.8997429755755,-1130120378.0,-3.7431471259308013
2026-03-01,OKLO,,-174.14498643941832,,,,,-39.85860144820737,-40.197973954160936,-20.916488234454256,-40.599360470267165,74.42414403375597,2.0,4.0,92.82376502651476,-451951726.0,-13.017937451940298
2026-03-01,ON,-15.346709402312808,-92.1503873999746,229.24139088597792,4.399258291742283,0.014044100477032391,0.3316709477265904,21.446842014045806,21.107469508092237,7.093154402223978,-22.056859652403016,-2.647417671572716,-1.0,-1.0,2759.8997429755755,-11510119.0,-9.912761183093178
2026-03-01,ORCL,11.0753099229971,34.28251892635925,27.141278489191727,6.798713002754355,0.3027844699018306,0.474212104823246,-32.997358865410334,-33.3367313713639,-16.455118057391783,-18.29091171361561,102.98334939102705,2.0,0.0,21.127459926463935,-73916671.0,3.410387616627397
2026-03-01,PANW,15.434338720027995,2.1841371064168946,113.67938791522545,10.581985658250387,0.1437336379165698,0.6108477454438863,-25.105612094317188,-25.444984600270757,-14.880970587189479,80.30150365296733,45.853566260936596,1.0,1.0,2.7444877965348344,-302721780.0,9.257415731136366
2026-03-01,PLTR,56.183390932215495,251.59414959215906,217.76190863715277,73.29942899944969,0.3159495165398041,0.1480735104389596,-24.52134320666115,-24.860715712614724,-14.827542931351479,12.286578353806421,21.697294823241542,4.0,4.0,74.69155165416596,-333643880.0,10.794240109246921
2026-03-01,QBTS,160.8977079796265,378.6363268717478,,274.013404979392,-4.082157237564567,-2.215845772156017,-30.444441901312935,-30.783814407266508,-22.464614415318852,-25.004547242165177,75.36385585306331,0.0,0.0,13.473637370414753,-75140811.0,-13.885960897340032
2026-03-01,QCOM,10.249164537055243,-49.17100900047371,28.413566466300715,3.373530771137865,0.27115697505962066,0.3476051440925402,-18.56300820015354,-18.902380706107113,-9.95276307089904,4.923869503165168,26.674360206468496,1.0,1.0,16.148599879389852,-35076951.0,-8.406672943681192
2026-03-01,RDDT,69.39682588514889,-209.3841115397005,55.652670823890745,,0.20067323312626617,0.31367678453543374,-37.71731357974867,-38.05668608570224,-26.191661077761342,2.3572121107046096,56.763546330264106,0.0,0.0,33.99878281069538,-169413882.0,-4.180541003989113
2026-03-01,RGTI,-36.97754604322597,479.1580719153782,,756.1867568346707,-10.749532959701094,-7.747397918334668,-38.0291721876413,-38.36854469359488,-17.318890991169834,-10.057342766593202,78.59420766277006,1.0,2.0,164.69146869637186,-17755613.0,-10.231771424381819
2026-03-01,SAP,,,,,,,-18.494701413921078,-18.83407391987465,-10.088570134358598,-7.957720861786733,61.84847122101269,0.0,0.0,1481.1743767433622,,-9.10666850411287
2026-03-01,SHOP,,,128.43617378397192,,0.12703357563170647,0.17592592592592593,-25.049663530821988,-25.389036036775558,-15.459915698609416,26.483723316661,31.966020222935153,2.0,2.0,5.424395724515914,0.0,1.4407784053235728
2026-03-01,SMCI,34.76117265460745,-39.584251968503935,23.816176021800324,0.6914189034985819,0.036772325583840526,0.002688552507466469,-6.630150844946126,-6.969523350899697,4.640492295496701,-11.661171686124494,90.64526447547499,0.0,0.0,51.47792207295921,-5608792.0,-32.20232492795609
2026-03-01,SNOW,28.479919164110036,19.542650313251396,,,-0.34278078255243893,0.24343872258146287,-26.391009832545475,-26.730382338499048,-15.75624624789257,34.91572269489514,44.01665950027549,0.0,0.0,3.9183143939499594,-242482015.0,2.272057227490687
2026-03-01,TSM,,,,,,,27.440006044741526,27.100633538787953,12.169576314946195,-20.903286708296864,7.785198408678551,0.0,0.0,,0.0,-8.048081120727113
2026-03-01,TXN,13.049037785307839,4.209210252135853,38.52526183522075,,0.3406288881348264,0.2923877389435584,16.95764740281376,16.618274896860186,6.3257349095479976,-14.903762515559194,3.372409496784301,0.0,2.0,13.807016823765997,-28304271.0,-10.099131201522349
2026-03-01,UBER,23.982838755809798,116.68097896092742,15.945031325358416,2.998277319213966,0.10698425514735567,0.08383797604629256,-17.41130264894216,-17.750675154895735,-4.688489613363689,-1.2469197827699174,39.534400238947676,2.0,2.0,6.54370981874448,-54036570.0,-1.092816635958227
2026-03-01,VRT,27.68541401432887,168.8180718031464,74.71446823164864,9.527524723604097,0.1788580533534052,0.034272084771112134,34.84816094470635,34.50878843875278,32.22479250063588,-5.660396797402445,-17.13319896206641,0.0,0.0,9.32872871490152,-107262338.0,-0.6553042843766121
2026-03-01,WDAY,27.166276346604224,-53.51194786386677,56.4388162476101,,0.06727331816704582,0.2758097714223811,-39.188947797752924,-39.5283203037065,-26.372320369756043,89.05242885201427,58.583448588861486,-2.0,-5.0,-5.176412429253757,-174160123.0,2.275951926557407
2026-03-01,ZS,30.539059417848357,86.44207972652589,,7.864451134471114,-0.04857781570432135,0.3894802045767534,-39.43052170372295,-39.76989420967653,-26.67917103031534,91.50188621381446,83.86982799510099,0.0,-1.0,17.499067569230714,-22306489.0,2.167183457410693
2026-04-01,AAPL,10.071002627855275,22.492979719188778,32.32844292363034,8.619940012884827,0.3238395195779779,0.36215299219268304,-1.7135183331740023,3.006825524979617,-1.7314133643881013,-5.147164242384317,11.951423037079456,1.0,0.0,8.633406612032946,-2056442.0,4.123154964105558
2026-04-01,ABNB,10.259412718429118,-5.173716012084595,,,0.20782615799362797,0.5310834082182828,-8.647104075657941,-3.9267602175043215,-2.6680545314060056,-19.554197067207348,21.0426794298185,8.0,7.0,41.80668671814433,-244325818.0,13.946793765141162
2026-04-01,ADBE,10.963379770386172,6.7693675011109455,14.065850531304635,4.007533554883986,0.36645810330020856,0.3397129186602871,-28.60988146705695,-23.889537608903332,-9.219675566267583,-10.918490574133532,46.35657982000032,-7.0,-6.0,9.481157983215866,-535667.0,2.4070918822254317
2026-04-01,ADI,25.90774936715721,73.08765095641432,58.446852772937625,13.275807523207318,0.2924443870591954,0.428727435604054,9.796770428602809,14.517114286756428,-0.9193885380228695,-7.747956735313066,17.202057641844704,3.0,3.0,24.345129253424382,-36753096.0,17.059708459374544
2026-04-01,AMAT,2.0951691695313857,23.58505439066687,36.24212176983173,9.931772346845413,0.28159778833203375,0.25540511802651167,21.23245826697473,25.95280212512835,2.479443747190957,0.836465975355627,-1.4299822052667444,4.0,3.0,20.790810059139623,-6529095.0,11.45562501797448
2026-04-01,AMD,34.33779329067288,164.16819012797075,79.32453083542158,9.891807238765654,0.10664280146655504,0.08490429862293947,0.09046873513998133,4.810812593293601,-0.9763367702484205,-1.1036665886306918,23.897262797272624,1.0,-2.0,443.53517582738203,-99813812.0,35.33608351081781
2026-04-01,AMZN,12.377754683294695,31.093032676208487,29.368201858328977,3.1518358272232363,0.11155296795755199,0.19460082240237458,-12.82910686685942,-8.1087630087058,-2.2554053698985888,-7.8830118891738294,32.535494274023115,-1.0,0.0,4139.322094384241,-40238512.0,18.682620966678343
2026-04-01,ANET,28.595062847468846,23.118285979157484,45.399999445134945,17.41941471320754,0.42818437211987964,0.19400224302386265,-4.020605230100028,0.6997386280535922,-7.362201740773777,-13.466659645767908,39.46147311721005,1.0,1.0,-0.558015613377292,-55362696.0,38.45414715498132
2026-04-01,ARM,26.44829453167299,-0.6203473945409432,206.76000976562503,35.25676467101698,0.18668379362020981,,34.05083585332647,38.77117971148009,24.476636604746304,68.73367563626076,10.092211218550084,3.0,4.0,4.000780045005774,-8288642.0,13.16824479555958
2026-04-01,ASML,,,,,,,10.833275423163592,15.55361928131721,-2.5449658762872973,3.119477518892677,2.1697081658236472,3.0,3.0,12.175295405466443,,7.296144685113859
2026-04-01,AVGO,25.221441801610144,147.91025513749628,61.01259822733919,21.709126307079465,0.40694472921121233,0.34011891860226706,-8.545091233249247,-3.8247473750956273,-3.4048533556055194,-4.5190377113231595,34.82659478044907,1.0,1.0,9.358303181314863,-372325268.0,28.287989089144826
2026-04-01,BKNG,13.38725304351489,-8.12648758925536,25.210282923108664,,0.3278597169075306,0.39272578667756436,-22.983442664709198,-18.26309880655558,-5.2585723927676025,-16.712778522952497,37.44776779248913,0.0,-3.0,38421.98450604131,-30176627.0,14.026328668308953
2026-04-01,CRM,11.659361639194387,25.64448188711037,23.756042871719753,4.1454795390019425,0.20062612883804937,0.36113184828416617,-30.016527064321274,-25.296183206167655,-5.4101672916924475,-0.2913750889926847,56.73261951561908,0.0,0.0,4834.772225471113,-17286352.0,0.7184011572154647
2026-04-01,CRWD,24.08717243741043,1955.1663083343872,,,-0.06095006135696035,0.266663064564563,-17.873923169061623,-13.153579310908004,-5.090248187447655,0.2932647369309427,25.75322342939337,4.0,2.0,66.60580606772453,-98014507.0,14.314405467046743
2026-04-01,CSCO,9.003987005316016,20.56166321976707,27.77738228118677,5.163853654400552,0.22746977342771024,0.22362583398245672,4.296050166663035,9.016394024816654,-1.503292703589687,19.868542858260763,11.872096418301737,1.0,0.0,9.413838199389648,-92544477.0,15.726994553292206
2026-04-01,DELL,18.80460828528676,32.945128779395304,19.421539658225626,0.9680766323184817,0.07177332699184415,0.04709436488224207,41.68486889522134,46.40521275337496,23.607069672726656,32.87693662830095,-2.0241538333379716,1.0,2.0,35.81669525456927,0.0,25.762819683687276
2026-04-01,FTNT,14.167702071929877,6.199862479944995,33.533058481768144,8.867352658057538,0.3065915642096594,0.40697982234249075,1.4121531244908114,6.132496982644431,-0.44898999801878947,2.0609705519424315,13.282279359237247,0.0,2.0,12.044237236670313,-56311431.0,5.06469566613732
2026-04-01,GOOGL,15.090081081544371,32.01422321660441,27.494217751756185,8.91852919356935,0.32032638592380025,0.28203288683235855,-7.572095274475243,-2.851751416321624,-4.354593766427806,3.055135423683586,17.21313880720967,2.0,1.0,9.529426587804414,-386551.0,11.735425362963703
2026-04-01,HPE,14.465509511304674,-105.18518518518518,,0.8889737349640184,-0.01119100243404303,0.0006434826399574742,7.599753209173432,12.320097067327051,8.928426498316355,26.261300169635394,11.201106482518819,0.0,0.0,16.92116548446681,-24592554.0,19.93327882256746
2026-04-01,HPQ,4.3635621218308,-7.6894775570272245,7.091686942360619,0.30532506509135804,0.054918280602536056,0.015330167707055078,-8.68912789459686,-3.9687840364432403,0.6891171454340705,13.838391944939143,17.919345995372392,-2.0,-1.0,6.642294655463822,-3618664.0,11.292873451926443
2026-04-01,INTC,-0.46703451912393223,-100.13518431861903,,4.538281912167873,-0.04188976973870925,0.06992980530906477,12.667130133432082,17.3874739915857,3.866612023161875,-12.786062492654215,-14.330502041849568,5.0,6.0,13.251064058297114,-731015.0,37.95545246774306
2026-04-01,INTU,17.207432865381243,42.90418175831412,27.50069016982149,5.863715076306049,0.2707618905620993,0.06113016251677352,-34.47679692813196,-29.75645306997834,-4.191401592636201,-28.25318663709373,60.729615503104114,0.0,0.0,7.529028951571691,-356889289.0,-4.641999364357918
2026-04-01,IONQ,201.850347085181,54.41749812300427,,77.50163115573123,-4.874130876199852,-0.5816899458528181,-44.17436400764841,-39.45402014949478,-21.64370382318146,-14.96700794003104,,0.0,0.0,68.06380758624117,-6083388.0,66.53471484212315
2026-04-01,KLAC,17.494814444272254,42.06572506557078,44.18930209186226,15.724138585234257,0.04957914764294119,0.3179472235011941,11.923663888525105,16.644007746678724,3.0811219875536144,-4.685600375165566,2.8173179143320404,2.0,-1.0,19.59013814104764,-15785310.0,17.470927526552305
2026-04-01,LRCX,26.84570532284112,44.71428205432775,45.55517741052522,13.500571379625761,0.3376458352342245,0.26692820983425913,9.452424150468763,14.172768008622382,-2.089021597439611,-1.0578088357524051,6.340342813203148,1.0,1.0,14.30856450720797,-71333757.0,16.37763718666616
2026-04-01,META,22.167038498246217,-3.0500320718409246,24.635745617317212,,0.41437855159579234,0.3550152762158773,-10.631288107798387,-5.910944249644768,-9.494563328035245,34.00115358267832,,0.0,0.0,5.504826560785579,-130260479.0,15.470540643246089
2026-04-01,MPWR,26.43101807802093,-65.21615268371859,86.92102981021579,19.511892714278115,0.26111689868942706,0.2976800590870534,16.960867004834036,21.681210862987655,0.18866671828989823,-4.327685801940239,5.2733335415516835,1.0,0.0,392.2404358187683,-492654528.0,36.48380800200588
2026-04-01,MRVL,42.08728521145078,-401.70621468926555,34.732997533941116,11.02529168577606,0.16143557952798185,0.12942669562882875,26.16586491915227,30.88620877730589,26.348316386547154,36.71297519144305,10.281737293280525,4.0,6.0,-0.2656867575157319,-7977032.0,41.866496778427
2026-04-01,MSFT,16.673287446237993,28.5843665768194,23.050138605915805,8.964126331895718,0.4667133732521861,0.5254687300501223,-23.42584285029261,-18.705498992138992,-8.714362238663897,1.5573473388051706,60.89134726320111,-1.0,-1.0,10.540433548971738,-30657781.0,14.833368357549714
2026-04-01,MU,85.54736136385404,416.0744863013699,17.36512873057941,7.138302192181935,0.4833875324764707,0.24086787453328515,8.38006897846688,13.100412836620501,-8.904141230828976,51.363193110363284,28.14539653281878,0.0,-1.0,-2.283940580917476,-112476472.0,22.16393244027579
2026-04-01,NBIS,,,,,,,5.966113624769709,10.686457482923329,2.164234581178892,-3.403221217125363,61.25552223749682,0.0,0.0,907.9205652620082,-7757100.0,53.555672131343826
2026-04-01,NFLX,15.851068919677536,26.05218242140881,,8.928740563549479,0.29494704605507255,0.2246257422807976,5.312465024234858,10.032808882388478,8.70233355634622,-16.43706477627438,25.750164182831227,2.0,2.0,877.9151095542031,-305566412.0,-3.1083214294554518
2026-04-01,NOW,20.88492352512745,22.666666666666657,,8.205965060913664,0.13737008585630367,0.3602199126374454,-31.053674536993313,-26.333330678839694,-7.079763857119225,-20.029192499458905,96.39681680308867,0.0,0.0,378.7393285183327,-1617699.0,-3.748559680468877
2026-04-01,NVDA,65.47353579009479,64.74615806805708,35.82559390943877,19.757780698337022,0.6038168363141272,0.21951208217173449,-7.059635664178332,-2.3392918060247125,-3.8370854714464886,2.798174385829677,50.373831329112996,0.0,-1.0,2759.8997429755755,-745162370.0,13.729731486967234
2026-04-01,OKLO,,43.53265594435993,,,,,-50.74795036234543,-46.02760650419181,-27.134650519254542,-15.525433073438622,103.24526860881078,1.0,0.0,92.82376502651476,-366127131.0,30.247557744613207
2026-04-01,ON,-15.346709402312808,-92.1503873999746,214.48276125151537,4.1160327209008605,0.014044100477032391,0.3316709477265904,0.5008908973149317,5.221234755468551,-1.8639522106725481,-8.517394357733865,4.0514456690522005,-1.0,-1.0,2759.8997429755755,-11868827.0,39.72669227665484
2026-04-01,ORCL,14.86832906082498,34.649231022288006,25.892781612046956,6.470972916021615,0.30558546748443277,0.45156608455452035,-24.489779125183166,-19.769435267029543,-6.136934614156775,-17.85090225466577,82.39877312896853,3.0,3.0,21.127459926463935,-47456295.0,25.182640104488208
2026-04-01,PANW,15.434338720027995,2.1841371064168946,122.64885356408041,11.416919401288604,0.1437336379165698,0.6108477454438863,-17.13769818130023,-12.417354323146611,-1.5176605569563795,-16.426829277853617,34.53040546668655,1.0,1.0,2.7444877965348344,-104446572.0,8.894011768081223
2026-04-01,PLTR,56.183390932215495,251.59414959215906,232.52381824311755,78.2683400079478,0.3159495165398041,0.1480735104389596,-19.36921433358697,-14.648870475433352,-0.5134228213722003,-12.675484863252883,16.93927326262601,4.0,4.0,74.69155165416596,-611169350.0,-0.3549759389456786
2026-04-01,QBTS,178.54310637815792,146.7781955671085,,199.89262293388657,-4.082157237564567,-2.215845772156017,-54.63576336700835,-49.91541950885473,-28.220389914441355,-25.660636765996014,140.38929775065347,0.0,0.0,13.473637370414753,-72866682.0,48.61314521028206
2026-04-01,QCOM,10.249164537055243,-49.17100900047371,25.566859399118727,3.0355424408469798,0.27115697505962066,0.3476051440925402,-28.909934708071628,-24.18959084991801,-8.527795549674554,46.79707325831506,35.27581384239884,-1.0,-1.0,16.148599879389852,-10573109.0,6.505345832280729
2026-04-01,RDDT,69.39682588514889,-209.3841115397005,51.97709644113788,,0.20067323312626617,0.31367678453543374,-46.70058995077054,-41.98024609261692,-10.21249366699568,-12.345122176139823,65.7308854683509,0.0,0.0,33.99878281069538,-155236647.0,15.156422204822317
2026-04-01,RGTI,-34.30954587581093,7.573586482775085,,630.9705251834085,-11.944130925507901,-8.191168171557562,-46.449819554674555,-41.729475696520936,-21.309869730908392,-15.508169971671393,123.04526748971192,1.0,2.0,164.69146869637186,-10133303.0,35.18518518518518
2026-04-01,SAP,,,,,,,-29.606047177201066,-24.885703319047447,-13.305590427355208,-0.8893585904797385,90.34385267885334,-1.0,-1.0,1481.1743767433622,,2.9645252587771065
2026-04-01,SHOP,,,126.08510281177279,,0.12703357563170647,0.17592592592592593,-28.919279873764047,-24.19893601561043,-4.281800702792216,-25.13877103488944,36.826418545257056,2.0,2.0,5.424395724515914,0.0,10.639561759120086
2026-04-01,SMCI,34.76117265460745,-39.584251968503935,16.55147075653076,0.4805137378600993,0.036772325583840526,0.002688552507466469,-24.991669252911052,-20.271325394757433,-24.50969804237424,89.56013249729418,,0.0,0.0,51.47792207295921,-3473011.0,26.299422550419127
2026-04-01,SNOW,29.162562500068944,3.2891409636274016,,,-0.3064008423666712,0.2279910998119961,-34.42398496051927,-29.70364110236565,-13.304520531709962,-19.34528914279683,58.39764189702286,0.0,0.0,3.9183143939499594,-225813521.0,-1.4890274634295264
2026-04-01,TSM,,,,,,,7.459594843887696,12.179938702041316,-1.6712137997858867,5.69115657431114,17.897251234645317,0.0,0.0,,322050.0,7.786461599097083
2026-04-01,TXN,13.049037785307839,4.209210252135853,35.65371172143779,,0.3406288881348264,0.2923877389435584,6.392375594570576,11.112719452724196,-4.567903911866278,-9.610478595774763,11.698023855584093,1.0,4.0,13.807016823765997,-28304271.0,18.772287425343425
2026-04-01,UBER,23.982838755809798,116.68097896092742,15.160676339211976,2.850788504849884,0.10698425514735567,0.08383797604629256,-16.800096237121465,-12.079752378967845,-4.401708786324932,-25.80845389074987,46.95074567529303,1.0,0.0,6.54370981874448,-1982156.0,7.739510699505159
2026-04-01,VRT,27.68541401432887,168.8180718031464,76.04575954224707,9.697289846427697,0.1788580533534052,0.034272084771112134,51.23687464803874,55.95721850619236,10.467178106679832,86.70945655740717,-13.763529642703986,1.0,2.0,9.32872871490152,-124294066.0,20.46111762039282
2026-04-01,WDAY,22.686652740258783,-53.01261675652806,49.8262560045397,,0.07548157453936348,0.26654103852596317,-38.879414878844244,-34.159071020690625,-12.736009073798149,-5.66077331697783,62.72762110340728,-2.0,-2.0,-5.176412429253757,-233521881.0,0.08523875067825148
2026-04-01,ZS,23.9148296973811,335.507759675446,,7.312296632289829,-0.04857781570432135,0.3894802045767534,-40.87645094143612,-36.15610708328249,-18.091344070947834,4.880684600434337,91.24052429527339,0.0,0.0,17.499067569230714,-9995775.0,2.15116885987805
2026-05-01,AAPL,14.069638164544163,27.483099323972947,33.8840364543924,9.093579956276956,0.32643396050876966,0.3494579591619743,0.8205651932301716,-3.8126814965082856,7.243513359154385,9.890696207159744,2.7758799433035497,1.0,0.0,8.633406612032946,-25612578.0,8.970865029552355
2026-05-01,ABNB,8.983262108262103,-1.0638297872340385,,,0.20782615799362797,0.5310834082182828,15.943692345946392,11.310445656207936,6.610677688269018,-26.539944944392747,7.769774615289871,5.0,0.0,41.80668671814433,-204301098.0,-5.230836842122266
2026-05-01,ADBE,10.963379770386172,6.7693675011109455,14.610140251390865,4.162608380396273,0.36645810330020856,0.3397129186602871,-6.583947331195883,-11.21719402093434,0.07672390205146762,-3.9716826642225755,38.736419625042,-5.0,-1.0,9.481157983215866,-19267827.0,-2.6365124778986115
2026-05-01,ADI,25.90774936715721,73.08765095641432,72.50524098955954,16.469075375891695,0.2924443870591954,0.428727435604054,24.492189775092488,19.85894308535403,15.946981053415122,-11.732259533065402,-4.577281973888859,2.0,1.0,24.345129253424382,-40489456.0,-3.389582060015961
2026-05-01,AMAT,2.0951691695313857,23.58505439066687,39.85609162159455,10.92214278001218,0.28159778833203375,0.25540511802651167,20.791673935391497,16.15842724565304,5.313984012601369,-15.054510339788907,-9.031696834101865,0.0,-4.0,20.790810059139623,-6529095.0,9.975142032347172
2026-05-01,AMD,34.33779329067288,164.16819012797075,136.05283341317806,16.96585391980781,0.10664280146655504,0.08490429862293947,72.97064110631636,68.33739441657791,53.175678143309455,23.96980043582353,-24.079931287815036,0.0,-2.0,443.53517582738203,-116088892.0,24.699058546195563
2026-05-01,AMZN,16.430052714986388,53.25074264110181,32.08851791454845,3.8839005905138713,0.11500371579049404,0.199967419518132,27.548497729029098,22.91525103929064,19.33231963476758,-2.2953913999896436,10.386355848681973,-1.0,0.0,4139.322094384241,-53135069.0,0.07454770825805479
2026-05-01,ANET,28.595062847468846,23.118285979157484,62.79999889026988,24.0955779301405,0.42818437211987964,0.19400224302386265,25.60912797172645,20.975881281987995,20.942438339682635,-2.495803560505938,2.183318676132906,1.0,0.0,-0.558015613377292,-275518710.0,-13.960625962012774
2026-05-01,ARM,26.44829453167299,-0.6203473945409432,281.57332356770837,48.013948238424256,0.18668379362020981,,70.71948091004555,66.08623422030708,40.93934492722467,50.101150822668906,-13.718941352047153,2.0,3.0,4.000780045005774,-13614825.0,41.22076964184402
2026-05-01,ASML,,,,,,,1.3455859560173256,-3.2876607337211317,2.020381840824337,-7.76100800997066,-1.4937086964022295,0.0,-3.0,12.175295405466443,,11.561150621295035
2026-05-01,AVGO,25.221441801610144,147.91025513749628,81.99108934309517,29.17356359701312,0.40694472921121233,0.34011891860226706,26.80634110414999,22.17309441441153,20.645412673334928,-23.041957686045688,4.294738338588577,-1.0,-2.0,9.358303181314863,-390170272.0,-1.5927588585942898
2026-05-01,BKNG,14.950593705887227,13.145798860084579,26.967460732519,,0.32629031675515585,0.4367031458807383,-4.638497702645861,-9.271744392384317,-2.3531888249694877,-30.019359057223937,142.64504643267193,0.0,-2.0,38421.98450604131,-28161519.0,-5.865716415238708
2026-05-01,CRM,11.659361639194387,25.64448188711037,23.506000225360577,4.101846570331314,0.20062612883804937,0.36113184828416617,-3.694937823534783,-8.32818451327324,-1.343146919756144,-7.836603638702966,57.89749110672133,0.0,0.0,4834.772225471113,-6049059.0,-4.085523613211118
2026-05-01,CRWD,24.08717243741043,1955.1663083343872,,,-0.06095006135696035,0.266663064564563,15.206071971792046,10.57282528205359,10.216644347292458,-39.06924173257905,9.86743567424664,6.0,4.0,66.60580606772453,-93996998.0,42.268009750836086
2026-05-01,CSCO,9.003987005316016,20.56166321976707,32.91642991758937,6.119209693668133,0.22746977342771024,0.22362583398245672,8.874915376151083,4.241668686412625,12.73671891259851,-23.035856886643014,-4.668877277531469,-1.0,-3.0,9.413838199389648,-92544477.0,28.688069311446117
2026-05-01,DELL,18.80460828528676,32.945128779395304,24.173188099663378,1.2049249925462042,0.07177332699184415,0.04709436488224207,74.15967127578591,69.52642458604745,24.012304579887523,-36.061697694253816,-16.11988616373322,0.0,0.0,35.81669525456927,0.0,20.28358273862412
2026-05-01,FTNT,14.167702071929877,6.199862479944995,35.65702517170551,9.429006218047652,0.3065915642096594,0.40697982234249075,4.265343992483439,-0.3679026972550181,5.3475912308808216,-26.338405749170267,5.416948370801622,-2.0,-3.0,12.044237236670313,-56311431.0,50.02897825971824
2026-05-01,GOOGL,17.454192648027743,44.336732855238026,29.401966272466154,11.053852724067074,0.3269340919957018,0.3178642265762205,19.544549861850435,14.911303172111978,22.261096954312308,-6.638417787226436,-3.208312588611073,1.0,-1.0,9.529426587804414,-386551.0,0.5107695143263813
2026-05-01,HPE,14.465509511304674,-105.18518518518518,,1.0591317786426364,-0.01119100243404303,0.0006434826399574742,21.788318028125488,17.155071338387028,19.503608564077844,-19.806388700412768,-6.87074120344513,-1.0,-1.0,16.92116548446681,-29697523.0,18.90095701353285
2026-05-01,HPQ,4.3635621218308,-7.6894775570272245,7.795242107275762,0.33561588704515005,0.054918280602536056,0.015330167707055078,7.725022833858564,3.0917761441201064,9.142695063358786,-18.457717710375064,7.276602155379797,-1.0,1.0,6.642294655463822,-3112530.0,5.136820774688267
2026-05-01,INTC,1.3554784707035639,-82.93733218501444,,9.307354012910023,-0.09391217007979466,-0.02044156762085449,96.91639147284337,92.28314478310492,79.14624597100632,52.34104813248064,-35.695036845595766,2.0,-4.0,13.251064058297114,-4737534.0,18.95201438755807
2026-05-01,INTU,17.207432865381243,42.90418175831412,25.84776720135105,5.511277763993476,0.2707618905620993,0.06113016251677352,-9.801663220331791,-14.434909910070248,-3.4945622161384193,-32.776646986687574,71.00801483674624,1.0,2.0,7.529028951571691,-356889289.0,-23.047812668491662
2026-05-01,IONQ,201.850347085181,54.41749812300427,,128.84401945173127,-4.874130876199852,-0.5816899458528181,32.037720910917834,27.404474221179377,29.4734206037528,14.357304890714229,,0.0,0.0,68.06380758624117,-6195638.0,27.467529041446692
2026-05-01,KLAC,13.389472834825789,26.393982528874993,48.826383484284285,17.379660409656278,0.04824641944996515,0.3094005410997505,19.78954870154448,15.156302011806023,8.533419617559312,5.299562365105226,-1.3706619765424088,0.0,-4.0,19.59013814104764,-15785310.0,6.851295761840848
2026-05-01,LRCX,26.530218628296875,44.001935423903134,48.49513726333589,14.796359342281015,0.3425647125509845,0.25312356951172743,11.262528365642655,6.629281675904197,8.28207620488881,-4.270458901944762,-0.9274510160797722,0.0,-1.0,14.30856450720797,-68856232.0,17.731376748261617
2026-05-01,META,26.181615402676695,5.930817138140609,22.115866921164777,,0.41213139005317195,0.41633211296827827,-7.889942229959079,-12.523188919697537,-3.394019737093723,11.736308113448214,,0.0,0.0,5.504826560785579,-132191138.0,-0.22505839465504218
2026-05-01,MPWR,26.43101807802093,-65.21615268371859,122.94459602510207,27.598404812734003,0.26111689868942706,0.2976800590870534,29.014474665227,24.38122797548854,28.046060285803055,12.928322290548966,-24.518297733585904,0.0,-1.0,392.2404358187683,-494718415.0,-1.4038644683624812
2026-05-01,MRVL,42.08728521145078,-401.70621468926555,53.716389907687805,17.051187893023027,0.16143557952798185,0.12942669562882875,105.5712242433165,100.93797755357802,50.2201362557269,25.819493275704474,-26.304194208890365,4.0,4.0,-0.2656867575157319,-27360216.0,15.604732529650489
2026-05-01,MSFT,17.874523165808665,29.576240492575145,24.615732828776036,9.652784528714712,0.4680164512855316,0.5345756630314227,3.551360933081127,-1.0818857566573303,4.627397110232767,-0.2276223285848089,35.39276815257515,-1.0,0.0,10.540433548971738,-30657781.0,1.3410134440064336
2026-05-01,MU,85.54736136385404,416.0744863013699,25.59615901554385,10.521840686982205,0.4833875324764707,0.24086787453328515,37.43388698386782,32.800640294129366,27.4063595130674,-7.997463693963858,-7.752777679286349,0.0,-1.0,-2.283940580917476,-79934479.0,40.55438723929188
2026-05-01,NBIS,,,,,,,79.43090386882969,74.79765717909123,26.99976273508209,-12.758447851608778,4.331550553896668,0.0,0.0,907.9205652620082,-14972150.0,42.358718917589
2026-05-01,NFLX,16.719215214612415,44.27150481462707,,8.271057719590093,0.2972190952815688,0.2697863330836141,11.99513500780296,7.361888318064502,-2.7659856734367105,-15.244031395272184,31.044974146578518,3.0,4.0,877.9151095542031,-301049386.0,-2.9980388659898383
2026-05-01,NOW,21.719417560380162,14.239271781534457,,6.734530161659219,0.13438395415472779,0.4004297994269341,-9.509623193178108,-14.142869882916564,-11.698321639473342,42.30179017543605,79.43807701243848,-1.0,-1.0,378.7393285183327,-2417567.0,9.3571724842332
2026-05-01,NVDA,65.47353579009479,64.74615806805708,40.45285283302774,22.309709558966652,0.6038168363141272,0.21951208217173449,7.038859770833228,2.4056130810947707,6.037034214626513,-13.473793676938062,33.173100004577115,0.0,0.0,2759.8997429755755,-499696573.0,10.612241473158912
2026-05-01,OKLO,,43.53265594435993,,,,,-0.9845245615539233,-5.61777125129238,17.03878858593313,69.34478335404619,41.33522420936879,0.0,-2.0,92.82376502651476,-395353954.0,-7.5426208421832674
2026-05-01,ON,-15.346709402312808,-92.1503873999746,355.2758578596444,6.817923488879402,0.014044100477032391,0.3316709477265904,58.02147791676331,53.38823122702485,46.071810705529394,31.64535818818568,-36.40687103146335,0.0,0.0,2759.8997429755755,-20058827.0,6.386491224900315
2026-05-01,ORCL,14.86832906082498,34.649231022288006,30.742241193404958,7.682921561728681,0.30558546748443277,0.45156608455452035,20.73247602808368,16.09922933834522,10.760156203778015,-0.9617222694565997,51.54675499308947,3.0,3.0,21.127459926463935,-16331848.0,10.440553875820813
2026-05-01,PANW,15.434338720027995,2.1841371064168946,138.22900903133947,12.86721733771658,0.1437336379165698,0.6108477454438863,13.65804262270338,9.024795932964924,10.53959878311812,-45.69056533038432,19.525013942638104,0.0,0.0,2.7444877965348344,-79124282.0,39.67307025152142
2026-05-01,PLTR,56.183390932215495,251.59414959215906,228.68255130828373,76.97535596533022,0.3159495165398041,0.1480735104389596,6.011783513366087,1.3785368236276296,-0.7671604712335522,-24.87814539874712,17.99818932293642,3.0,2.0,74.69155165416596,-613399930.0,-4.619291802428616
2026-05-01,QBTS,178.54310637815792,146.7781955671085,,298.96349307929245,-4.082157237564567,-2.215845772156017,-1.1100364375402627,-5.74328312727872,16.70957536593196,1.255822703567322,60.72881259742502,0.0,0.0,13.473637370414753,-70299314.0,25.622255044630005
2026-05-01,QCOM,5.205032398429732,-10.125894393623769,18.922599497782826,4.198165449034027,0.25524310472722367,0.3505743250837323,29.712019145302836,25.07877245556438,29.644774382241334,81.95286914262125,-2.3974968511583983,-2.0,-1.0,16.148599879389852,-9558513.0,20.56380954951873
2026-05-01,RDDT,90.24353851892586,-246.10346166235786,47.56571306501116,,0.2510527354141164,0.3539640905643535,19.058852569195707,14.425605879457247,15.005572288992797,-3.3729613441304096,32.66287153118226,0.0,0.0,33.99878281069538,-149670769.0,-9.875061787190297
2026-05-01,RGTI,-34.30954587581093,7.573586482775085,,817.9247548673815,-11.944130925507901,-8.191168171557562,-1.1857656427366692,-5.819012332475126,7.286928326272624,-11.172923718751592,72.06349206349205,0.0,0.0,164.69146869637186,-7350414.0,25.942862374441965
2026-05-01,SAP,,,,,,,-16.022425960562636,-20.655672650301092,-5.627013445873407,21.533980582524272,71.58967176501274,-1.0,-1.0,1481.1743767433622,,5.0271775322097145
2026-05-01,SHOP,,,135.8191469882397,,0.12703357563170647,0.17592592592592593,13.940200528127033,9.306953838388576,4.066642842353807,-41.69498129211793,26.13247876782956,2.0,2.0,5.424395724515914,0.0,-17.866372590065637
2026-05-01,SMCI,34.76117265460745,-39.584251968503935,19.919117759255805,0.5782815237491129,0.036772325583840526,0.002688552507466469,-21.204190485870143,-25.837437175608603,-2.360081054645058,-18.68826977490883,,0.0,0.0,51.47792207295921,-3473011.0,23.514207811018583
2026-05-01,SNOW,29.162562500068944,3.2891409636274016,,,-0.3064008423666712,0.2279910998119961,-16.285693681993163,-20.91894037173162,-10.723444341011612,-3.9790312564439656,72.34042553191489,0.0,0.0,3.9183143939499594,-226493281.0,17.404250557541
2026-05-01,TSM,,,,,,,14.315764574914724,9.682517885176267,10.485806284153455,0.5483309607593023,-2.4192233468928293,0.0,0.0,,329810.0,2.383879395766564
2026-05-01,TXN,14.885662658109533,9.84009840098401,47.551290397970085,,0.35291246339082327,0.24655602559930578,26.905693244646024,22.272446554907567,30.925218455220094,46.979083987928846,-4.5643158910361965,4.0,4.0,13.807016823765997,-87939040.0,6.720580039582069
2026-05-01,UBER,23.982838755809798,116.68097896092742,15.881607346000427,2.986351179031292,0.10698425514735567,0.08383797604629256,0.46811036408958007,-4.165136325648877,1.5420583830227486,-22.659571824270742,41.92976991560966,1.0,0.0,6.54370981874448,-1691996.0,-2.0101199161619787
2026-05-01,VRT,28.954535183797738,133.92374662263586,82.47278874842964,11.622715183121949,0.1825165538484239,0.11524060718962686,67.90476603041802,63.27151934067956,19.039470379107936,-21.688648757471107,-17.74354061576314,0.0,0.0,9.32872871490152,-124294066.0,-1.4955339544417967
2026-05-01,WDAY,22.686652740258783,-53.01261675652806,49.01930466581956,,0.07548157453936348,0.26654103852596317,-22.072182352459112,-26.705429042197572,-2.2683958011180283,-8.903068419599258,65.40642841394224,-2.0,-2.0,-5.176412429253757,-240967723.0,-4.024890238815793
2026-05-01,ZS,23.9148296973811,335.507759675446,,7.480296978158975,-0.04857781570432135,0.3894802045767534,-16.44654513315945,-21.07979182289791,-2.6795341019559937,-23.86297004357918,84.23813592113203,-2.0,-2.0,17.499067569230714,-8955775.0,22.315998493002187
2026-06-01,AAPL,12.757327045753142,25.98413057331388,37.08353481338907,9.952240765082147,0.32643396050876966,0.3494579591619743,17.97453404826028,5.834591614590612,10.877083607419191,5.055347897859397,-0.46801247056615924,1.0,0.0,20.468671000410843,-111705105.0,-3.0361358973240105
2026-06-01,ABNB,12.597934472934469,-0.8274231678486954,,,0.2049497904641417,0.554044437415988,2.865027510903606,-9.274914922766065,2.4792097289570547,9.876911464467097,14.842488533311627,3.0,-5.0,10.823104964726847,-312666507.0,0.9574290062872359
2026-06-01,ADBE,10.963379770386172,6.7693675011109455,15.969114147977676,4.549796732686972,0.36645810330020856,0.3397129186602871,-2.977624836925885,-15.117567270595556,11.843318218131582,-4.044818047767174,26.929930484238728,-4.0,1.0,24.879571709684345,-19267827.0,-28.876402304604476
2026-06-01,ADI,29.754958316087254,80.92443444596726,59.67161906952312,15.353714234143391,0.32495151368586017,0.39563458732532547,25.954770646768075,13.814828213098407,7.251406990703102,49.483332873613946,8.995316045173784,0.0,-3.0,22.392042905261384,-63513371.0,10.929060745703744
2026-06-01,AMAT,3.3287051870839024,25.895235276709094,43.10160051060531,12.518220116048559,0.28593577728776187,0.24827728776185226,35.34536910926893,23.205426675599263,14.872719657174184,1.064402592415159,3.7044859370308547,-1.0,-5.0,21.69249398561279,-5108182.0,39.72542373220038
2026-06-01,AMD,34.96936936936936,124.92141894925908,167.25573930584017,22.200883963234485,0.11651625994553319,0.130853847386127,151.69233437798977,139.5523919443201,52.6222203533836,-13.614349455092324,-16.10497714031921,1.0,0.0,10.910540465800764,-179401514.0,8.135181150446824
2026-06-01,AMZN,14.218230298333268,37.689554773747425,31.25119734038577,3.7825537510898726,0.11500371579049404,0.199967419518132,22.37575673020933,10.235814296539658,5.466022426232975,-10.305788431147056,14.510526518904099,0.0,1.0,25.20542270232404,-66486502.0,-10.897196438533586
2026-06-01,ANET,30.569568882006394,22.86330784152235,58.65291844528565,22.134135961991756,0.4279240774879247,0.3319795260507317,24.429536308343014,12.289593874673344,14.140650135428135,11.689442400310224,6.287656720543011,1.0,0.0,2.945386512518131,-332683548.0,2.2732628599198668
2026-06-01,ARM,22.785126029448467,14.141414141414144,481.0000071806067,88.41796879962207,0.18292682926829268,,247.57291137455644,235.43296894088678,100.39928068291646,42.33722973489189,-43.999022482090844,2.0,3.0,31.246938984803847,-61940495.0,-0.27638617242099484
2026-06-01,ASML,,,,,,,20.23743712221666,8.097494688546991,11.5920326971104,-18.117587636696797,-13.684730135149392,0.0,-3.0,18539.702113320374,,18.46283098042609
2026-06-01,AVGO,25.221441801610144,147.91025513749628,89.52108461257312,31.85284006033801,0.40694472921121233,0.34011891860226706,33.31449319207953,21.17455075840986,18.399930923617447,-7.0815305374443245,-2.5726224271725218,-1.0,-2.0,19.76544511016602,-389905360.0,-14.613861333503452
2026-06-01,BKNG,14.950593705887227,13.145798860084579,26.90704717299289,,0.32629031675515585,0.4367031458807383,-4.716387478232297,-16.85632991190197,-0.6624484057911717,0.4509153842945812,143.1898498390854,0.0,0.0,331.96861479928356,-31916455.0,-0.6252444267536794
2026-06-01,CRM,13.511436219554218,33.0514096185738,24.22484644318511,4.534710935197055,0.20397394288916387,0.3553900394592449,5.70159758418991,-6.43834484947976,15.814445204609772,30.356143619178223,33.2089417436864,0.0,0.0,64.62320300264807,25587570.0,-28.193011538441326
2026-06-01,CRWD,24.08717243741043,1955.1663083343872,,,-0.06095006135696035,0.266663064564563,80.16952850823856,68.02958607456888,59.759290657930045,5.766441962049229,-29.577683335171876,4.0,0.0,57.83969245359903,-180337719.0,-13.645369011943986
2026-06-01,CSCO,9.210218794383618,22.120098039215684,40.15873753747275,7.840162841206076,0.23361208968491753,0.21739703025713628,60.067509701071906,47.92756726740224,29.167000181944402,12.147190030880385,-5.203242195267022,0.0,-1.0,31.47595366602938,-13203148.0,0.16484159787222286
2026-06-01,DELL,18.80460828528676,32.945128779395304,53.59346591931884,2.6713938706438043,0.07177332699184415,0.04709436488224207,219.02376983658166,206.88382740291198,110.07111287753348,64.29748765148584,-7.564906174401653,0.0,-1.0,11.614946331560244,0.0,-10.140357248664145
2026-06-01,FTNT,15.748428901696453,4.001489916458256,57.03100751536761,15.191048533933744,0.3109782685139602,0.48502707644700754,75.56377959178322,63.42383715811355,51.02279579208238,3.314995216143357,-30.426552402465003,1.0,2.0,32.6928814921271,-62016625.0,-1.1893434873312292
2026-06-01,GOOGL,17.454192648027743,44.336732855238026,28.691481671016877,10.786741603866504,0.3269340919957018,0.3178642265762205,22.852209615032116,10.712267181362446,7.854890826352157,4.449450642115571,1.272090210036536,-1.0,-3.0,17.39998400525713,-386551.0,-7.035932734738381
2026-06-01,HPE,14.465509511304674,-105.18518518518518,,1.742358878025341,-0.01119100243404303,0.0006434826399574742,116.88702594683518,104.7470835131655,61.40353000550347,65.32479184744673,-40.51796907827592,-1.0,-1.0,38.609146606178875,-32694285.0,3.2800138968187342
2026-06-01,HPQ,5.744226306677969,1.4302741358760418,10.696337231850713,0.46143451491823506,0.05305049027291569,0.015012975251232213,57.5068225846102,45.366880150940524,41.44394792426886,53.05573261162948,-19.062066961847034,0.0,2.0,40.48130323108326,-3112530.0,-18.791386125747035
2026-06-01,INTC,1.3554784707035639,-82.93733218501444,,10.214545304342908,-0.09391217007979466,-0.02044156762085449,139.86396980915802,127.72402737548836,30.60129627325585,2.8754172303359526,-37.16549113103862,2.0,-4.0,37.0598596032951,-7224232.0,28.912466917541835
2026-06-01,INTU,15.073691157061141,32.17993079584775,21.42335098155224,4.698169803296161,0.2746953405017921,0.05878136200716846,-25.084288310910875,-37.224230744580545,-9.130594370063394,119.12107694514931,54.05765994994587,0.0,1.0,43.60297488677052,-328185455.0,-27.134225223262753
2026-06-01,IONQ,334.5820656339272,-194.59031103244766,177.64102251101798,138.1658022962441,-4.43326136448658,-1.1667984907919067,93.14190365841921,81.00196122474954,55.71828376760983,15.213017059237256,,0.0,0.0,151.35791842222358,-1804481.0,-15.819860389125562
2026-06-01,KLAC,13.389472834825789,26.393982528874993,54.94307499369424,19.556885378578862,0.04824641944996515,0.3094005410997505,35.925838142335785,23.785895708666118,11.557478628653971,-4.877652828274293,-11.70285048755545,0.0,-4.0,-14.688369769872741,-12471906.0,38.739410893890216
2026-06-01,LRCX,26.530218628296875,44.001935423903134,59.90486938245806,18.277584594144216,0.3425647125509845,0.25312356951172743,50.187070826720934,38.04712839305127,19.501251682802057,-9.41028858218319,-16.43723554776183,1.0,0.0,42.062448672786076,-64978957.0,29.234520982277367
2026-06-01,META,26.181615402676695,5.930817138140609,21.81505237926137,,0.41213139005317195,0.41633211296827827,-7.168166232714313,-19.308108666383983,-2.900587732503279,0.3686060308959682,,0.0,0.0,19.42179995104014,-130213574.0,-6.011523055776835
2026-06-01,MPWR,23.89510673215547,-62.749637572143655,110.08149829398232,25.586178667640805,0.2708842138724219,0.32920810661833083,45.524832002336524,33.38488956866685,7.922462932561225,16.214207961920547,-8.249145985866058,0.0,-1.0,19.390925514422214,-456240697.0,-0.2923983329434887
2026-06-01,MRVL,34.074165218327515,-614.0793489318413,75.38689682164143,21.323281187551185,0.15965171903500017,0.17260327402461828,136.95611059509994,124.81616816143028,47.009715338799786,21.450486489285893,-10.869299243368769,5.0,5.0,24.32849451583686,-29390626.0,40.299868881006404
2026-06-01,MSFT,17.874523165808665,29.576240492575145,27.41190410795665,10.749271846441792,0.4680164512855316,0.5345756630314227,12.727443726551568,0.5875012928818979,14.128018347924476,12.414668263511096,22.2925891638329,0.0,1.0,22.738277996222294,-12087801.0,-20.23364781089121
2026-06-01,MU,85.54736136385404,416.0744863013699,48.88294713467894,20.094365789371807,0.4833875324764707,0.24086787453328515,166.0883205541682,153.94837812049852,81.86962334413641,13.714598707281533,-36.89782457838695,0.0,-1.0,32.11086766373954,-116975656.0,16.985025783138674
2026-06-01,NBIS,,,,,,,178.6075447268622,166.46760229319253,63.416788322573005,1.3716519145201111,-26.31315121805997,0.0,0.0,67.66976054394478,-123841660.0,7.2208895243176086
2026-06-01,NFLX,16.719215214612415,44.27150481462707,,7.713125260015743,0.2972190952815688,0.2697863330836141,-12.683076952205862,-24.823019385875533,-7.609691502774463,-19.836716344124216,40.52417256171077,2.0,3.0,21.3201418797715,-257574026.0,-15.107747759148582
2026-06-01,NOW,21.719417560380162,14.239271781534457,,10.036784062282267,0.13438395415472779,0.4004297994269341,11.424588099984167,-0.7153543336855028,38.50545436605817,58.972587343573025,19.132151074154002,-1.0,-1.0,33.03052984641545,-1753244.0,-31.539819138537695
2026-06-01,NVDA,70.68376931623068,107.89980983145338,34.31834853261389,21.485960535365408,0.6402002437956377,0.378766899022056,22.842678825464425,10.702736391794755,12.031670351947943,11.481689989712995,31.79514141630475,0.0,0.0,22.339768242025954,-487452020.0,-6.893754417309994
2026-06-01,OKLO,,51.74969988888976,,,,,8.271286356943053,-3.8686560767266176,6.989078295017381,17.860023447735628,44.2667078495053,0.0,-2.0,11.321590721390097,-426548275.0,-12.69247711352708
2026-06-01,ON,-9.036352452252716,-9.236821400472072,88.91176335951862,7.81545425164801,0.09970311726867888,0.2884710539336962,104.15329917860028,92.0133567449306,34.051703651867584,6.812909195844852,-23.78431905759941,1.0,2.0,22.339768242025954,-18957855.0,8.790940327306828
2026-06-01,ORCL,14.86832906082498,34.649231022288006,44.39671240760351,11.095367344246153,0.30558546748443277,0.45156608455452035,64.302373407439,52.16243097376933,43.581996493129836,-22.26675314979215,6.127019883447549,1.0,-1.0,35.160988691727255,-16331848.0,-29.44992579155724
2026-06-01,PANW,11.477571072824988,3.5627726611730415,229.37405418803678,21.35156598135998,0.1437336379165698,0.6108477454438863,81.99878853906944,69.85884610539976,54.85898400257978,14.151023824090059,-23.172926131680782,0.0,-1.0,30.214892029983652,-46017244.0,-4.68584151192819
2026-06-01,PLTR,67.70894863089339,299.783595676119,180.50561111964535,73.71488809887674,0.38129759843374283,0.2921769068181879,2.6976931651780722,-9.442249268491597,13.219351461989914,-10.176161373320458,7.189546556072646,0.0,-4.0,16.920871895459882,-568863327.0,-25.614687494479192
2026-06-01,QBTS,-41.74975424799887,178.81171015546866,,867.7050526684964,-11.556091288974606,-7.226936676309868,53.256296754582344,41.11635432091268,47.6257470096227,73.64843776767887,10.349553335297767,0.0,0.0,22.218244282554757,-46117119.0,-16.141195827835052
2026-06-01,QCOM,5.205032398429732,-10.125894393623769,24.47932984184298,5.430980916209436,0.25524310472722367,0.3505743250837323,65.80262301408204,53.66268058041237,36.610298371883474,23.547360782927427,-22.199404555886503,-3.0,-4.0,62.162642420052386,-13478081.0,-2.738300539765437
2026-06-01,RDDT,70.63678814130489,505.0073536956596,50.81428745814732,,0.2510527354141164,0.3539640905643535,28.078644189677092,15.938701756007422,17.42452160332888,21.279430924035637,24.523068942367576,0.0,0.0,37.225512362988866,-124680134.0,-4.166434302957778
2026-06-01,RGTI,8.751357220412604,64.04546643797784,,850.3447860089897,-8.883686102236421,-5.846046325878595,45.624992075291715,33.48504964162204,43.32527467237573,114.83394528167833,10.5475390600281,0.0,-1.0,14.350817345343605,-21964277.0,-16.582130859004216
2026-06-01,SAP,,,,,,,-0.29029418334027834,-12.43023661700995,14.902317083328365,-0.6212996126014225,46.85635566960376,-1.0,-1.0,134.47782470207815,,-23.76217732827638
2026-06-01,SHOP,,,121.6862772025314,,0.1331877729257642,0.17362121947274786,-7.0262151710996035,-19.166157604769275,7.507139221932868,-0.6531616408897656,27.2128168144808,0.0,-2.0,43.39142489983501,206226383.0,-13.003544177002446
2026-06-01,SMCI,56.238495446394296,8.379635864441838,24.544503177023685,0.8365705919524944,0.04483097224984322,0.002238354270000605,46.59162520062053,34.45168276695085,61.70759243566633,10.026607753501393,,0.0,0.0,28.95836269259894,0.0,-24.36007193568459
2026-06-01,SNOW,31.071256778742228,-14.565475527848903,,19.294089505887804,-0.261098393486121,0.22383223093679233,53.22687009048619,41.08692765681652,77.23367310265634,86.26500445836065,-0.004876570001488556,1.0,1.0,5.001795018047415,-411309576.0,-19.121218812099805
2026-06-01,TSM,,,,,,,25.28176222072185,13.141819787052178,14.238799623065002,-15.509571001594447,-10.922232407948707,0.0,0.0,,336528.0,7.606275041037125
2026-06-01,TXN,14.885662658109533,9.84009840098401,49.86435066940438,,0.35291246339082327,0.24655602559930578,50.198664486904136,38.05872205323446,15.748041588703954,11.112817077661186,-4.85583526884289,5.0,5.0,23.291345543646344,-115389632.0,13.328783172747327
2026-06-01,UBER,23.27103232916974,81.2843261512463,18.305210085128138,2.7982005260837792,0.11660178441708421,0.12474155754651964,-0.09479915803882744,-12.234741591708499,-0.009763679211782783,27.970029493671223,44.92580936823305,0.0,-2.0,17.723314905764237,-884950.0,-3.1720163269257196
2026-06-01,VRT,28.954535183797738,133.92374662263586,81.23687284076632,11.44854017578859,0.1825165538484239,0.11524060718962686,22.36314063669571,10.22319820302604,4.8444649624848735,-16.68895729522174,3.2679837267817646,0.0,0.0,2046.6494618379536,-123356256.0,10.712898220232114
2026-06-01,WDAY,17.825050485774252,-41.88659309294371,48.98130708023024,,0.10351126446113254,0.27105743860361275,6.136085038033157,-6.003857395636514,24.821373902701872,33.842523668564795,30.266607761732335,-1.0,1.0,131.65804578930903,-240401726.0,-28.105320875660222
2026-06-01,ZS,24.611967298018623,99.56676466037445,,7.934254732439448,-0.04727082863304474,0.3683171349309483,-4.249162840240417,-16.389105273910086,8.442969821712998,149.34002250235125,37.17808155548505,-2.0,-3.0,23.58238988223013,-8955775.0,-20.32625251467204
2026-07-01,AAPL,12.757327045753142,25.98413057331388,35.63922577273759,9.564626386245786,0.32643396050876966,0.3494579591619743,13.808896029720286,3.206800746244376,0.6074815187604887,53.57288305949057,5.082107872393515,0.0,-1.0,20.468671000410843,-111739341.0,11.33228643190034
2026-07-01,ABNB,12.597934472934469,-0.8274231678486954,,,0.2049497904641417,0.554044437415988,12.108070320492637,1.5059750370167269,6.928773664383181,13.019569844399781,7.738564964829897,2.0,-6.0,10.823104964726847,-369882630.0,-2.17907237002114
2026-07-01,ADBE,11.490642006990836,5.24093754549424,12.076702674730342,3.3407817404273388,0.36074291610445275,0.32966902135090087,-11.838202381878437,-22.440297665354347,-10.40070598939179,31.901673091094374,29.956310424756282,-4.0,3.0,24.879571709684345,-17322697.0,7.668977278521361
2026-07-01,ADI,29.754958316087254,80.92443444596726,57.79792139469957,14.87160533364746,0.32495151368586017,0.39563458732532547,12.661526549415658,2.0594312659397485,-4.673328408154465,48.87158218293395,13.606033581065935,0.0,-3.0,22.392042905261384,-64809206.0,-1.5862032118537983
2026-07-01,AMAT,3.3287051870839024,25.895235276709094,61.233299449156284,17.78430294596242,0.28593577728776187,0.24827728776185226,68.96172084305721,58.359625559581296,33.99114114319386,72.39545572607875,-15.590697009250832,-1.0,-5.0,21.69249398561279,-174139290.0,-13.267577532167675
2026-07-01,AMD,34.96936936936936,124.92141894925908,177.33770651895492,23.53912553956812,0.11651625994553319,0.130853847386127,133.31894909585986,122.71685381238396,18.688424693733307,-12.979134414693505,-14.719872479909025,2.0,1.0,10.910540465800764,-216578938.0,0.6563355570405882
2026-07-01,AMZN,14.218230298333268,37.689554773747425,28.911482888545716,3.4993615399277798,0.11500371579049404,0.199967419518132,9.242936473781782,-1.3591588096941276,-5.42397737962812,64.08254945261065,24.497771994406946,0.0,1.0,25.20542270232404,-66726272.0,2.420358368795661
2026-07-01,ANET,30.569568882006394,22.86330784152235,57.25773028082045,21.60762704575356,0.4279240774879247,0.3319795260507317,14.85488847105827,4.25279318758236,4.102493048864186,-8.412580515125267,11.264490650417326,1.0,0.0,2.945386512518131,-450934336.0,4.777341823992209
2026-07-01,ARM,22.785126029448467,14.141414141414144,397.0235308478861,72.98131733716019,0.18292682926829268,,126.62681681645371,116.02472153297781,14.03826015387164,-0.8850440764254452,-19.82694787052922,-2.0,-5.0,31.246938984803847,-66380361.0,-14.146439701807267
2026-07-01,ASML,,,,,,,29.978931747084083,19.37683646360817,12.333193750377713,19.597658974751255,-10.774736317046617,0.0,-3.0,18539.702113320374,,-2.2533466616414755
2026-07-01,AVGO,32.28797812291835,126.9644654331501,61.45424231911658,23.286552740683543,0.43392301066719674,0.3077453123964752,5.502816640745434,-5.099278642730476,-9.853418803624436,15.725214434742284,33.79221125460694,-2.0,-3.0,19.76544511016602,-404231806.0,4.6461265587955936
2026-07-01,BKNG,14.950593705887227,13.145798860084579,29.10875930601308,,0.32629031675515585,0.4367031458807383,1.1597521016677215,-9.442343181808187,8.491235241467354,28.847674892002484,124.77734050879619,0.0,0.0,331.96861479928356,-26117213.0,-1.773984616727775
2026-07-01,CRM,13.511436219554218,33.0514096185738,18.914252112113452,3.5406072061193066,0.20397394288916387,0.3553900394592449,-6.979315859638035,-17.581411143113947,-6.4453004479199,33.427557047930236,70.6102963771597,0.0,0.0,64.62320300264807,71168.0,4.184281081802643
2026-07-01,CRWD,23.1666562702036,-96.34303477843841,,,-0.03911036080248125,0.3256966746496015,81.17745716191038,70.57536187843448,25.83403097663688,-5.559286879077674,-14.152523984610566,2.0,-2.0,57.83969245359903,-244671829.0,-1.05339632364162
2026-07-01,CSCO,9.210218794383618,22.120098039215684,38.72887240691835,7.561011250495628,0.23361208968491753,0.21739703025713628,39.79690275372791,29.194807470252005,5.834323112647866,22.841562484367973,-0.18954908181442187,0.0,-1.0,31.47595366602938,-11963101.0,-3.7692016957277974
2026-07-01,DELL,38.57354112160163,87.91061452513966,33.828562702315736,2.0561779061672705,0.07940179997313473,0.0723645915732601,129.99178589192013,119.38969060844423,33.117928003262634,0.64670555701829,14.068904076210199,1.0,0.0,11.614946331560244,-885710686.0,-4.804744298356967
2026-07-01,FTNT,15.748428901696453,4.001489916458256,61.62015338276708,16.41343510289242,0.3109782685139602,0.48502707644700754,90.3724005038269,79.77030522035098,26.79286643674077,17.214284452267425,-32.17924803809051,0.0,0.0,32.6928814921271,-85973828.0,-0.5535222340372736
2026-07-01,GOOGL,17.454192648027743,44.336732855238026,27.552249538907564,10.358440173609642,0.3269340919957018,0.3178642265762205,13.899449899367134,3.2973546158912237,-2.4468004419101796,43.29976215580766,6.714965088945535,-1.0,-3.0,17.39998400525713,-386551.0,-3.8924719390942775
2026-07-01,HPE,22.57575278839774,1.8354860639021142,40.32110161737565,1.4991701310304115,0.03753157704799711,0.0005928751868845698,76.45550498912242,65.8534097056465,12.567489480749838,5.904925298486052,52.71364253404074,0.0,0.0,38.609146606178875,-20446166.0,6.302617541930644
2026-07-01,HPQ,5.744226306677969,1.4302741358760418,8.12546142352903,0.3505282480519009,0.05305049027291569,0.015012975251232213,17.988898550262512,7.386803266786601,-3.071517447395866,-3.9627354246707824,7.594492278742937,0.0,2.0,40.48130323108326,-1094059.0,12.67029495993961
2026-07-01,INTC,1.3554784707035639,-82.93733218501444,,11.867296154197543,-0.09391217007979466,-0.02044156762085449,115.47072943028871,104.8686341468128,13.10834856467773,-7.570186175842297,-38.24501767937177,3.0,-2.0,37.0598596032951,-7224232.0,-16.981577912836176
2026-07-01,INTU,15.073691157061141,32.17993079584775,16.174095506505665,3.5470009883013764,0.2746953405017921,0.05878136200716846,-31.219910470674684,-41.822005754150595,-20.391072111588105,23.720066000025653,98.19322235154246,-3.0,-3.0,43.60297488677052,-27853530.0,9.032602818681479
2026-07-01,IONQ,334.5820656339272,-194.59031103244766,131.79487570738206,102.50754292699925,-4.43326136448658,-1.1667984907919067,77.30252477299821,66.7004294895223,-6.373178632809662,-20.033467517019375,,0.0,0.0,151.35791842222358,-1014717.0,-30.914402203559067
2026-07-01,KLAC,13.389472834825789,26.393982528874993,75.38657673220227,26.83371180816376,0.04824641944996515,0.3094005410997505,59.37534830469484,48.773253021218935,28.236209209836403,47.3427603751557,-27.391641795888088,0.0,-2.0,-14.688369769872741,-23776448.0,-18.268907335660334
2026-07-01,LRCX,26.530218628296875,44.001935423903134,73.96219466268903,22.566617432801262,0.3425647125509845,0.25312356951172743,58.844418971469146,48.242323687993235,22.63224646061188,49.53561026783044,-21.70266671780149,1.0,0.0,42.062448672786076,-77350325.0,-17.70178603407835
2026-07-01,META,26.181615402676695,5.930817138140609,22.28763538707387,,0.41213139005317195,0.41633211296827827,0.17276503257288578,-10.429330250903025,1.0547597727668778,19.49122914915309,,0.0,0.0,19.42179995104014,-128256723.0,5.04152742947388
2026-07-01,MPWR,23.89510673215547,-62.749637572143655,95.19156400777342,22.125319895724925,0.2708842138724219,0.32920810661833083,1.5859069068157483,-9.01618837666016,-13.796900182128645,86.59577128979292,6.1025899186142984,0.0,-1.0,19.390925514422214,-451949611.0,3.8694052137158597
2026-07-01,MRVL,34.074165218327515,-614.0793489318413,93.4649070923271,26.43666975460264,0.15965171903500017,0.17260327402461828,137.82102012496745,127.21892484149153,22.684629913995312,42.745018127046144,-19.503205388935672,2.0,-2.0,24.32849451583686,-35623604.0,-23.539302550902764
2026-07-01,MSFT,17.874523165808665,29.576240492575145,22.873809451148617,8.969708743535884,0.4680164512855316,0.5345756630314227,2.880427820139597,-7.7216674633363125,-5.784047647132073,56.401273778387306,46.53071642625761,0.0,1.0,22.738277996222294,-13567354.0,3.505256912535626
2026-07-01,MU,166.98015556147047,710.7469879518072,23.3670214600549,12.908090817716237,0.6562576157033033,0.15507233533464784,153.7998401432302,143.1977448597543,22.662420562898756,20.05270473893308,15.493422556373604,0.0,0.0,32.11086766373954,-202689480.0,-5.939353089210375
2026-07-01,NBIS,,,,,,,83.34399414062501,72.7418988571491,7.138712855060092,9.621425839419228,-11.314247972973867,0.0,0.0,67.66976054394478,-155394391.0,-5.349504711862019
2026-07-01,NFLX,16.719215214612415,44.27150481462707,,6.665542132117068,0.2972190952815688,0.2697863330836141,-25.354660532241425,-35.95675581571734,-12.115687700298295,39.67469563986838,62.609510756222164,1.0,-1.0,21.3201418797715,-221286355.0,-7.44036135707169
2026-07-01,NOW,21.719417560380162,14.239271781534457,,7.816073749806751,0.13438395415472779,0.4004297994269341,8.546221121094376,-2.0558741623815324,5.7744051808751085,-11.999638108882216,52.11989839369213,-1.0,-1.0,33.03052984641545,-1400494.0,-3.5349767346740446
2026-07-01,NVDA,70.68376931623068,107.89980983145338,30.25727439985523,18.943411657620796,0.6402002437956377,0.378766899022056,8.639208772887175,-1.962886510588735,-5.798942318923228,-0.8558855660665166,49.79941363883851,0.0,0.0,22.339768242025954,-665079092.0,4.91446065648935
2026-07-01,OKLO,,51.74969988888976,,,,,4.461266120913976,-6.140829162561934,-18.223204866436994,-20.81884520019225,83.45513979517749,0.0,-1.0,11.321590721390097,-304404716.0,-15.862725593519977
2026-07-01,ON,-9.036352452252716,-9.236821400472072,69.58088033339557,6.116245662974241,0.09970311726867888,0.2884710539336962,38.38841920791083,27.786323924434917,-14.443446168930441,35.72983832363148,8.113383997796774,1.0,2.0,22.339768242025954,-17787796.0,-3.772587761218893
2026-07-01,ORCL,17.34873429850694,34.50542488318682,24.357798659781036,6.071784411674919,0.30592217586887777,0.42957673293050463,-0.4610247254242861,-11.063120008900196,-23.874382807452932,15.111949393749446,90.43465474779148,0.0,-3.0,35.160988691727255,-74680358.0,-10.531925901705508
2026-07-01,PANW,19.511645464072025,-31.911455808692846,488.9444563123916,26.98476631313667,0.09618811461112735,0.5697839963040834,102.57797848877752,91.97588320530161,41.96455367174612,-6.335132969590596,-14.85862400812148,0.0,-1.0,30.214892029983652,-48964964.0,-2.8093439405696086
2026-07-01,PLTR,67.70894863089339,299.783595676119,141.26966669318378,57.6917116728915,0.38129759843374283,0.2921769068181879,-10.677743489946234,-21.279838773422142,-6.809852629184066,8.851827557934744,42.401703560276815,1.0,-3.0,16.920871895459882,-563262090.0,5.5118111191823305
2026-07-01,QBTS,-41.74975424799887,178.81171015546866,,698.8028966570234,-11.556091288974606,-7.226936676309868,61.290325958949985,50.688230675474074,0.6579173069238609,-19.672381627024883,43.54609929078015,0.0,0.0,22.218244282554757,-39331829.0,-24.255322395487035
2026-07-01,QCOM,5.205032398429732,-10.125894393623769,19.519313108255933,4.33055225258869,0.25524310472722367,0.3505743250837323,43.198112793396426,32.596017509920514,-9.589458373128446,14.29114989154674,16.443126355249937,0.0,1.0,62.162642420052386,-7084536.0,-4.628407131538026
2026-07-01,RDDT,70.63678814130489,505.0073536956596,56.502855573381694,,0.2510527354141164,0.3539640905643535,36.38620310816272,25.784107824686807,20.62522687152242,-8.696061103247088,13.069958064452457,0.0,0.0,37.225512362988866,-94965471.0,-6.02750733214309
2026-07-01,RGTI,8.751357220412604,64.04546643797784,,619.7597105843,-8.883686102236421,-5.846046325878595,28.56160115947897,17.959505876003057,-7.374349586455454,-25.009387694522434,62.60706372463931,0.0,-1.0,14.350817345343605,-20882177.0,-18.20128756241257
2026-07-01,SAP,,,,,,,-4.293282037979129,-14.895377321455038,-6.110083594467774,-27.08824153155064,80.96136415017602,0.0,1.0,134.47782470207815,,-3.02230458250744
2026-07-01,SHOP,,,119.2450953464882,,0.1331877729257642,0.17362121947274786,1.2739373844592894,-9.32815789901662,8.05792178284297,-3.3032870049044316,29.817113614791957,0.0,-2.0,43.39142489983501,705089970.0,1.151033098325227
2026-07-01,SMCI,56.238495446394296,8.379635864441838,14.476439590853547,0.49341245779306214,0.04483097224984322,0.002238354270000605,18.31407199657282,7.711976713096913,-17.42522055287963,28.242915402252166,,0.0,0.0,28.95836269259894,0.0,-7.775767262902244
2026-07-01,SNOW,31.071256778742228,-14.565475527848903,,17.987661405178336,-0.261098393486121,0.22383223093679233,74.13827113521256,63.53617585173665,33.109845432975774,-14.334272888304556,9.993751767462378,1.0,1.0,5.001795018047415,-425190523.0,4.035379779624737
2026-07-01,TSM,,,,,,,21.691814223915173,11.089718940439264,6.404467186662299,16.457079114269767,-2.218447818157754,0.0,0.0,,336528.0,-4.416636685847298
2026-07-01,TXN,14.885662658109533,9.84009840098401,50.750408987713676,,0.35291246339082327,0.24655602559930578,43.57407274994387,32.97197746646796,1.3767986618458794,44.905418439397216,-2.727686631948012,5.0,4.0,23.291345543646344,-115389632.0,-2.3826312989233323
2026-07-01,UBER,23.27103232916974,81.2843261512463,18.029777583649967,2.7560969191351243,0.11660178441708421,0.12474155754651964,0.3868560642673824,-10.215239219208527,-0.8235985520343547,36.04353173765584,47.34216643762797,0.0,-1.0,17.723314905764237,-633825.0,-1.5276638513719298
2026-07-01,VRT,28.954535183797738,133.92374662263586,78.2462345295815,11.027075862114634,0.1825165538484239,0.11524060718962686,10.836858325979225,0.23476304250331648,-4.115850718799219,37.843152476908415,8.602694667300792,0.0,-1.0,2046.6494618379536,-123356256.0,-2.222083722740631
2026-07-01,WDAY,17.825050485774252,-41.88659309294371,40.58255584811867,,0.10351126446113254,0.27105743860361275,9.314430036139921,-1.2876652473359895,2.051371374453903,3.730506960280966,57.2258962929046,-1.0,1.0,131.65804578930903,-283417455.0,8.367232316724982
2026-07-01,ZS,24.611967298018623,99.56676466037445,,7.462407881643554,-0.04727082863304474,0.3683171349309483,6.238658298113231,-4.363436985362679,3.489747848044167,-8.560402723462735,45.5938727657184,-1.0,-1.0,23.58238988223013,-4874591.0,1.550020020323517
